Point_Index,X_Coordinate,Y_Coordinate,U_Numerical,U_Analytical,Error
1, 0.00000000E+00, 0.00000000E+00, 0.00000000E+00, 0.00000000E+00, 0.00000000E+00
2, 2.00000000E-02, 0.00000000E+00, 0.00000000E+00, 0.00000000E+00, 0.00000000E+00
3, 4.00000000E-02, 0.00000000E+00, 0.00000000E+00, 0.00000000E+00, 0.00000000E+00
4, 6.00000000E-02, 0.00000000E+00, 0.00000000E+00, 0.00000000E+00, 0.00000000E+00
5, 8.00000000E-02, 0.00000000E+00, 0.00000000E+00, 0.00000000E+00, 0.00000000E+00
6, 1.00000000E-01, 0.00000000E+00, 0.00000000E+00, 0.00000000E+00, 0.00000000E+00
7, 1.20000000E-01, 0.00000000E+00, 0.00000000E+00, 0.00000000E+00, 0.00000000E+00
8, 1.40000000E-01, 0.00000000E+00, 0.00000000E+00, 0.00000000E+00, 0.00000000E+00
9, 1.60000000E-01, 0.00000000E+00, 0.00000000E+00, 0.00000000E+00, 0.00000000E+00
10, 1.80000000E-01, 0.00000000E+00, 0.00000000E+00, 0.00000000E+00, 0.00000000E+00
11, 2.00000000E-01, 0.00000000E+00, 0.00000000E+00, 0.00000000E+00, 0.00000000E+00
12, 2.20000000E-01, 0.00000000E+00, 0.00000000E+00, 0.00000000E+00, 0.00000000E+00
13, 2.40000000E-01, 0.00000000E+00, 0.00000000E+00, 0.00000000E+00, 0.00000000E+00
14, 2.60000000E-01, 0.00000000E+00, 0.00000000E+00, 0.00000000E+00, 0.00000000E+00
15, 2.80000000E-01, 0.00000000E+00, 0.00000000E+00, 0.00000000E+00, 0.00000000E+00
16, 3.00000000E-01, 0.00000000E+00, 0.00000000E+00, 0.00000000E+00, 0.00000000E+00
17, 3.20000000E-01, 0.00000000E+00, 0.00000000E+00, 0.00000000E+00, 0.00000000E+00
18, 3.40000000E-01, 0.00000000E+00, 0.00000000E+00, 0.00000000E+00, 0.00000000E+00
19, 3.60000000E-01, 0.00000000E+00, 0.00000000E+00, 0.00000000E+00, 0.00000000E+00
20, 3.80000000E-01, 0.00000000E+00, 0.00000000E+00, 0.00000000E+00, 0.00000000E+00
21, 4.00000000E-01, 0.00000000E+00, 0.00000000E+00, 0.00000000E+00, 0.00000000E+00
22, 4.20000000E-01, 0.00000000E+00, 0.00000000E+00, 0.00000000E+00, 0.00000000E+00
23, 4.40000000E-01, 0.00000000E+00, 0.00000000E+00, 0.00000000E+00, 0.00000000E+00
24, 4.60000000E-01, 0.00000000E+00, 0.00000000E+00, 0.00000000E+00, 0.00000000E+00
25, 4.80000000E-01, 0.00000000E+00, 0.00000000E+00, 0.00000000E+00, 0.00000000E+00
26, 5.00000000E-01, 0.00000000E+00, 0.00000000E+00, 0.00000000E+00, 0.00000000E+00
27, 5.20000000E-01, 0.00000000E+00, 0.00000000E+00, 0.00000000E+00, 0.00000000E+00
28, 5.40000000E-01, 0.00000000E+00, 0.00000000E+00, 0.00000000E+00, 0.00000000E+00
29, 5.60000000E-01, 0.00000000E+00, 0.00000000E+00, 0.00000000E+00, 0.00000000E+00
30, 5.80000000E-01, 0.00000000E+00, 0.00000000E+00, 0.00000000E+00, 0.00000000E+00
31, 6.00000000E-01, 0.00000000E+00, 0.00000000E+00, 0.00000000E+00, 0.00000000E+00
32, 6.20000000E-01, 0.00000000E+00, 0.00000000E+00, 0.00000000E+00, 0.00000000E+00
33, 6.40000000E-01, 0.00000000E+00, 0.00000000E+00, 0.00000000E+00, 0.00000000E+00
34, 6.60000000E-01, 0.00000000E+00, 0.00000000E+00, 0.00000000E+00, 0.00000000E+00
35, 6.80000000E-01, 0.00000000E+00, 0.00000000E+00, 0.00000000E+00, 0.00000000E+00
36, 7.00000000E-01, 0.00000000E+00, 0.00000000E+00, 0.00000000E+00, 0.00000000E+00
37, 7.20000000E-01, 0.00000000E+00, 0.00000000E+00, 0.00000000E+00, 0.00000000E+00
38, 7.40000000E-01, 0.00000000E+00, 0.00000000E+00, 0.00000000E+00, 0.00000000E+00
39, 7.60000000E-01, 0.00000000E+00, 0.00000000E+00, 0.00000000E+00, 0.00000000E+00
40, 7.80000000E-01, 0.00000000E+00, 0.00000000E+00, 0.00000000E+00, 0.00000000E+00
41, 8.00000000E-01, 0.00000000E+00, 0.00000000E+00, 0.00000000E+00, 0.00000000E+00
42, 8.20000000E-01, 0.00000000E+00, 0.00000000E+00, 0.00000000E+00, 0.00000000E+00
43, 8.40000000E-01, 0.00000000E+00, 0.00000000E+00, 0.00000000E+00, 0.00000000E+00
44, 8.60000000E-01, 0.00000000E+00, 0.00000000E+00, 0.00000000E+00, 0.00000000E+00
45, 8.80000000E-01, 0.00000000E+00, 0.00000000E+00, 0.00000000E+00, 0.00000000E+00
46, 9.00000000E-01, 0.00000000E+00, 0.00000000E+00, 0.00000000E+00, 0.00000000E+00
47, 9.20000000E-01, 0.00000000E+00, 0.00000000E+00, 0.00000000E+00, 0.00000000E+00
48, 9.40000000E-01, 0.00000000E+00, 0.00000000E+00, 0.00000000E+00, 0.00000000E+00
49, 9.60000000E-01, 0.00000000E+00, 0.00000000E+00, 0.00000000E+00, 0.00000000E+00
50, 9.80000000E-01, 0.00000000E+00, 0.00000000E+00, 0.00000000E+00, 0.00000000E+00
51, 1.00000000E+00, 0.00000000E+00, 0.00000000E+00, 0.00000000E+00, 0.00000000E+00
52, 0.00000000E+00, 2.00000000E-02, 0.00000000E+00, 0.00000000E+00, 0.00000000E+00
53, 2.00000000E-02, 2.00000000E-02, 3.20082380E-05, 1.99736949E-04, 1.67728711E-04
54, 4.00000000E-02, 2.00000000E-02, 5.83785923E-05, 3.98685628E-04, 3.40307035E-04
55, 6.00000000E-02, 2.00000000E-02, 8.18469448E-05, 5.96060876E-04, 5.14213931E-04
56, 8.00000000E-02, 2.00000000E-02, 1.03203467E-04, 7.91083745E-04, 6.87880278E-04
57, 1.00000000E-01, 2.00000000E-02, 1.22154074E-04, 9.82984567E-04, 8.60830493E-04
58, 1.20000000E-01, 2.00000000E-02, 1.38856371E-04, 1.17100600E-03, 1.03214963E-03
59, 1.40000000E-01, 2.00000000E-02, 1.56112813E-04, 1.35440600E-03, 1.19829319E-03
60, 1.60000000E-01, 2.00000000E-02, 1.81935314E-04, 1.53246079E-03, 1.35052547E-03
61, 1.80000000E-01, 2.00000000E-02, 2.09428103E-04, 1.70446765E-03, 1.49503955E-03
62, 2.00000000E-01, 2.00000000E-02, 2.35713528E-04, 1.86974776E-03, 1.63403423E-03
63, 2.20000000E-01, 2.00000000E-02, 2.59232931E-04, 2.02764882E-03, 1.76841589E-03
64, 2.40000000E-01, 2.00000000E-02, 2.74866260E-04, 2.17754768E-03, 1.90268142E-03
65, 2.60000000E-01, 2.00000000E-02, 2.62227844E-04, 2.31885276E-03, 2.05662492E-03
66, 2.80000000E-01, 2.00000000E-02, 3.40708462E-04, 2.45100639E-03, 2.11029792E-03
67, 3.00000000E-01, 2.00000000E-02, 3.87931651E-04, 2.57348701E-03, 2.18555536E-03
68, 3.20000000E-01, 2.00000000E-02, 4.19169346E-04, 2.68581125E-03, 2.26664191E-03
69, 3.40000000E-01, 2.00000000E-02, 4.36346448E-04, 2.78753583E-03, 2.35118938E-03
70, 3.60000000E-01, 2.00000000E-02, 4.36711849E-04, 2.87825927E-03, 2.44154742E-03
71, 3.80000000E-01, 2.00000000E-02, 4.26614354E-04, 2.95762354E-03, 2.53100919E-03
72, 4.00000000E-01, 2.00000000E-02, 4.08274049E-04, 3.02531542E-03, 2.61704137E-03
73, 4.20000000E-01, 2.00000000E-02, 3.85552465E-04, 3.08106776E-03, 2.69551530E-03
74, 4.40000000E-01, 2.00000000E-02, 3.60716871E-04, 3.12466054E-03, 2.76394367E-03
75, 4.60000000E-01, 2.00000000E-02, 3.42877362E-04, 3.15592171E-03, 2.81304434E-03
76, 4.80000000E-01, 2.00000000E-02, 3.58819979E-04, 3.17472789E-03, 2.81590791E-03
77, 5.00000000E-01, 2.00000000E-02, 4.02773866E-04, 3.18100488E-03, 2.77823101E-03
78, 5.20000000E-01, 2.00000000E-02, 3.80893073E-04, 3.17472789E-03, 2.79383482E-03
79, 5.40000000E-01, 2.00000000E-02, 3.76876207E-04, 3.15592171E-03, 2.77904550E-03
80, 5.60000000E-01, 2.00000000E-02, 3.72168851E-04, 3.12466054E-03, 2.75249169E-03
81, 5.80000000E-01, 2.00000000E-02, 3.40222819E-04, 3.08106776E-03, 2.74084494E-03
82, 6.00000000E-01, 2.00000000E-02, 4.48797733E-04, 3.02531542E-03, 2.57651769E-03
83, 6.20000000E-01, 2.00000000E-02, 5.26630389E-04, 2.95762354E-03, 2.43099315E-03
84, 6.40000000E-01, 2.00000000E-02, 5.66969354E-04, 2.87825927E-03, 2.31128992E-03
85, 6.60000000E-01, 2.00000000E-02, 5.63723262E-04, 2.78753583E-03, 2.22381256E-03
86, 6.80000000E-01, 2.00000000E-02, 5.24062846E-04, 2.68581125E-03, 2.16174841E-03
87, 7.00000000E-01, 2.00000000E-02, 4.65572728E-04, 2.57348701E-03, 2.10791428E-03
88, 7.20000000E-01, 2.00000000E-02, 3.82822716E-04, 2.45100639E-03, 2.06818367E-03
89, 7.40000000E-01, 2.00000000E-02, 3.03423306E-04, 2.31885276E-03, 2.01542946E-03
90, 7.60000000E-01, 2.00000000E-02, 2.37180180E-04, 2.17754768E-03, 1.94036750E-03
91, 7.80000000E-01, 2.00000000E-02, 1.89725173E-04, 2.02764882E-03, 1.83792365E-03
92, 8.00000000E-01, 2.00000000E-02, 1.73829671E-04, 1.86974776E-03, 1.69591808E-03
93, 8.20000000E-01, 2.00000000E-02, 2.12857766E-04, 1.70446765E-03, 1.49160988E-03
94, 8.40000000E-01, 2.00000000E-02, 1.25749558E-04, 1.53246079E-03, 1.40671123E-03
95, 8.60000000E-01, 2.00000000E-02, 1.02089107E-04, 1.35440600E-03, 1.25231690E-03
96, 8.80000000E-01, 2.00000000E-02, 8.91761145E-05, 1.17100600E-03, 1.08182988E-03
97, 9.00000000E-01, 2.00000000E-02, 7.51483774E-05, 9.82984567E-04, 9.07836190E-04
98, 9.20000000E-01, 2.00000000E-02, 6.75616289E-05, 7.91083745E-04, 7.23522116E-04
99, 9.40000000E-01, 2.00000000E-02, 5.42227750E-05, 5.96060876E-04, 5.41838101E-04
100, 9.60000000E-01, 2.00000000E-02, 3.77464241E-05, 3.98685628E-04, 3.60939204E-04
101, 9.80000000E-01, 2.00000000E-02, 1.93539145E-05, 1.99736949E-04, 1.80383035E-04
102, 1.00000000E+00, 2.00000000E-02, 0.00000000E+00, 3.89560744E-19, 3.89560744E-19
103, 0.00000000E+00, 4.00000000E-02, 0.00000000E+00, 0.00000000E+00, 0.00000000E+00
104, 2.00000000E-02, 4.00000000E-02, 6.80773000E-05, 3.98685628E-04, 3.30608328E-04
105, 4.00000000E-02, 4.00000000E-02, 1.16511291E-04, 7.95797825E-04, 6.79286534E-04
106, 6.00000000E-02, 4.00000000E-02, 1.61099412E-04, 1.18976937E-03, 1.02866996E-03
107, 8.00000000E-02, 4.00000000E-02, 2.02566700E-04, 1.57904544E-03, 1.37647874E-03
108, 1.00000000E-01, 4.00000000E-02, 2.38795125E-04, 1.96208974E-03, 1.72329462E-03
109, 1.20000000E-01, 4.00000000E-02, 2.67912704E-04, 2.33739057E-03, 2.06947787E-03
110, 1.40000000E-01, 4.00000000E-02, 2.92965606E-04, 2.70346679E-03, 2.41050118E-03
111, 1.60000000E-01, 4.00000000E-02, 3.50100514E-04, 3.05887365E-03, 2.70877314E-03
112, 1.80000000E-01, 4.00000000E-02, 4.06605633E-04, 3.40220854E-03, 2.99560291E-03
113, 2.00000000E-01, 4.00000000E-02, 4.59430140E-04, 3.73211647E-03, 3.27268633E-03
114, 2.20000000E-01, 4.00000000E-02, 5.10342263E-04, 4.04729544E-03, 3.53695318E-03
115, 2.40000000E-01, 4.00000000E-02, 5.60811037E-04, 4.34650158E-03, 3.78569055E-03
116, 2.60000000E-01, 4.00000000E-02, 6.13498664E-04, 4.62855407E-03, 4.01505541E-03
117, 2.80000000E-01, 4.00000000E-02, 6.93321984E-04, 4.89233977E-03, 4.19901778E-03
118, 3.00000000E-01, 4.00000000E-02, 7.71529357E-04, 5.13681764E-03, 4.36528828E-03
119, 3.20000000E-01, 4.00000000E-02, 8.31192969E-04, 5.36102283E-03, 4.52982986E-03
120, 3.40000000E-01, 4.00000000E-02, 8.67495096E-04, 5.56407052E-03, 4.69657542E-03
121, 3.60000000E-01, 4.00000000E-02, 8.61160770E-04, 5.74515936E-03, 4.88399859E-03
122, 3.80000000E-01, 4.00000000E-02, 8.38119057E-04, 5.90357469E-03, 5.06545563E-03
123, 4.00000000E-01, 4.00000000E-02, 7.97042445E-04, 6.03869130E-03, 5.24164886E-03
124, 4.20000000E-01, 4.00000000E-02, 7.48891804E-04, 6.14997596E-03, 5.40108415E-03
125, 4.40000000E-01, 4.00000000E-02, 6.89766325E-04, 6.23698947E-03, 5.54722314E-03
126, 4.60000000E-01, 4.00000000E-02, 6.27054441E-04, 6.29938843E-03, 5.67233399E-03
127, 4.80000000E-01, 4.00000000E-02, 6.64562042E-04, 6.33692659E-03, 5.67236454E-03
128, 5.00000000E-01, 4.00000000E-02, 7.04739102E-04, 6.34945579E-03, 5.64471669E-03
129, 5.20000000E-01, 4.00000000E-02, 7.18855573E-04, 6.33692659E-03, 5.61807101E-03
130, 5.40000000E-01, 4.00000000E-02, 7.29524746E-04, 6.29938843E-03, 5.56986369E-03
131, 5.60000000E-01, 4.00000000E-02, 7.46905048E-04, 6.23698947E-03, 5.49008442E-03
132, 5.80000000E-01, 4.00000000E-02, 7.87545407E-04, 6.14997596E-03, 5.36243055E-03
133, 6.00000000E-01, 4.00000000E-02, 9.04450789E-04, 6.03869130E-03, 5.13424051E-03
134, 6.20000000E-01, 4.00000000E-02, 1.06740201E-03, 5.90357469E-03, 4.83617268E-03
135, 6.40000000E-01, 4.00000000E-02, 1.15479794E-03, 5.74515936E-03, 4.59036142E-03
136, 6.60000000E-01, 4.00000000E-02, 1.14185135E-03, 5.56407052E-03, 4.42221917E-03
137, 6.80000000E-01, 4.00000000E-02, 1.04574908E-03, 5.36102283E-03, 4.31527375E-03
138, 7.00000000E-01, 4.00000000E-02, 9.35085913E-04, 5.13681764E-03, 4.20173172E-03
139, 7.20000000E-01, 4.00000000E-02, 7.42942459E-04, 4.89233977E-03, 4.14939731E-03
140, 7.40000000E-01, 4.00000000E-02, 5.75381399E-04, 4.62855407E-03, 4.05317267E-03
141, 7.60000000E-01, 4.00000000E-02, 4.38379016E-04, 4.34650158E-03, 3.90812257E-03
142, 7.80000000E-01, 4.00000000E-02, 3.31881167E-04, 4.04729544E-03, 3.71541427E-03
143, 8.00000000E-01, 4.00000000E-02, 2.77972810E-04, 3.73211647E-03, 3.45414366E-03
144, 8.20000000E-01, 4.00000000E-02, 2.46861714E-04, 3.40220854E-03, 3.15534683E-03
145, 8.40000000E-01, 4.00000000E-02, 1.75951532E-04, 3.05887365E-03, 2.88292212E-03
146, 8.60000000E-01, 4.00000000E-02, 1.82736797E-04, 2.70346679E-03, 2.52072999E-03
147, 8.80000000E-01, 4.00000000E-02, 1.70221080E-04, 2.33739057E-03, 2.16716949E-03
148, 9.00000000E-01, 4.00000000E-02, 1.56230378E-04, 1.96208974E-03, 1.80585937E-03
149, 9.20000000E-01, 4.00000000E-02, 1.34629216E-04, 1.57904544E-03, 1.44441623E-03
150, 9.40000000E-01, 4.00000000E-02, 1.06876739E-04, 1.18976937E-03, 1.08289263E-03
151, 9.60000000E-01, 4.00000000E-02, 7.42611113E-05, 7.95797825E-04, 7.21536714E-04
152, 9.80000000E-01, 4.00000000E-02, 3.80921743E-05, 3.98685628E-04, 3.60593453E-04
153, 1.00000000E+00, 4.00000000E-02, 1.46074184E-05, 7.77584071E-19, 1.46074184E-05
154, 0.00000000E+00, 6.00000000E-02, 4.26057605E-05, 0.00000000E+00, 4.26057605E-05
155, 2.00000000E-02, 6.00000000E-02, 1.20641776E-04, 5.96060876E-04, 4.75419100E-04
156, 4.00000000E-02, 6.00000000E-02, 1.72206491E-04, 1.18976937E-03, 1.01756288E-03
157, 6.00000000E-02, 6.00000000E-02, 2.34078671E-04, 1.77878239E-03, 1.54470372E-03
158, 8.00000000E-02, 6.00000000E-02, 2.94701154E-04, 2.36077537E-03, 2.06607422E-03
159, 1.00000000E-01, 6.00000000E-02, 3.47054982E-04, 2.93345145E-03, 2.58639647E-03
160, 1.20000000E-01, 6.00000000E-02, 3.82578417E-04, 3.49455053E-03, 3.11197211E-03
161, 1.40000000E-01, 6.00000000E-02, 3.76390675E-04, 4.04185822E-03, 3.66546755E-03
162, 1.60000000E-01, 6.00000000E-02, 4.94743604E-04, 4.57321454E-03, 4.07847094E-03
163, 1.80000000E-01, 6.00000000E-02, 5.80601014E-04, 5.08652248E-03, 4.50592146E-03
164, 2.00000000E-01, 6.00000000E-02, 6.55591525E-04, 5.57975623E-03, 4.92416470E-03
165, 2.20000000E-01, 6.00000000E-02, 7.29938781E-04, 6.05096923E-03, 5.32103045E-03
166, 2.40000000E-01, 6.00000000E-02, 8.10218361E-04, 6.49830183E-03, 5.68808346E-03
167, 2.60000000E-01, 6.00000000E-02, 9.01088192E-04, 6.91998859E-03, 6.01890040E-03
168, 2.80000000E-01, 6.00000000E-02, 1.00892309E-03, 7.31436532E-03, 6.30544224E-03
169, 3.00000000E-01, 6.00000000E-02, 1.13311214E-03, 7.67987559E-03, 6.54676346E-03
170, 3.20000000E-01, 6.00000000E-02, 1.22424914E-03, 8.01507691E-03, 6.79082777E-03
171, 3.40000000E-01, 6.00000000E-02, 1.29734806E-03, 8.31864637E-03, 7.02129831E-03
172, 3.60000000E-01, 6.00000000E-02, 1.25695512E-03, 8.58938594E-03, 7.33243082E-03
173, 3.80000000E-01, 6.00000000E-02, 1.22104590E-03, 8.82622713E-03, 7.60518122E-03
174, 4.00000000E-01, 6.00000000E-02, 1.14520527E-03, 9.02823523E-03, 7.88302995E-03
175, 4.20000000E-01, 6.00000000E-02, 1.07464772E-03, 9.19461301E-03, 8.11996529E-03
176, 4.40000000E-01, 6.00000000E-02, 9.73156890E-04, 9.32470385E-03, 8.35154696E-03
177, 4.60000000E-01, 6.00000000E-02, 7.61274056E-04, 9.41799435E-03, 8.65672029E-03
178, 4.80000000E-01, 6.00000000E-02, 9.17600280E-04, 9.47411633E-03, 8.55651605E-03
179, 5.00000000E-01, 6.00000000E-02, 9.82631634E-04, 9.49284829E-03, 8.51021666E-03
180, 5.20000000E-01, 6.00000000E-02, 1.01023100E-03, 9.47411633E-03, 8.46388532E-03
181, 5.40000000E-01, 6.00000000E-02, 1.02572418E-03, 9.41799435E-03, 8.39227017E-03
182, 5.60000000E-01, 6.00000000E-02, 1.04913589E-03, 9.32470385E-03, 8.27556796E-03
183, 5.80000000E-01, 6.00000000E-02, 1.11004471E-03, 9.19461301E-03, 8.08456830E-03
184, 6.00000000E-01, 6.00000000E-02, 1.26637841E-03, 9.02823523E-03, 7.76185681E-03
185, 6.20000000E-01, 6.00000000E-02, 1.63711616E-03, 8.82622713E-03, 7.18911097E-03
186, 6.40000000E-01, 6.00000000E-02, 1.79760709E-03, 8.58938594E-03, 6.79177885E-03
187, 6.60000000E-01, 6.00000000E-02, 1.75920298E-03, 8.31864637E-03, 6.55944340E-03
188, 6.80000000E-01, 6.00000000E-02, 1.53966731E-03, 8.01507691E-03, 6.47540960E-03
189, 7.00000000E-01, 6.00000000E-02, 1.44552084E-03, 7.67987559E-03, 6.23435475E-03
190, 7.20000000E-01, 6.00000000E-02, 1.03985198E-03, 7.31436532E-03, 6.27451335E-03
191, 7.40000000E-01, 6.00000000E-02, 7.80237214E-04, 6.91998859E-03, 6.13975138E-03
192, 7.60000000E-01, 6.00000000E-02, 5.74762168E-04, 6.49830183E-03, 5.92353966E-03
193, 7.80000000E-01, 6.00000000E-02, 3.89519316E-04, 6.05096923E-03, 5.66144992E-03
194, 8.00000000E-01, 6.00000000E-02, 3.29954875E-04, 5.57975623E-03, 5.24980135E-03
195, 8.20000000E-01, 6.00000000E-02, 2.94189358E-04, 5.08652248E-03, 4.79233312E-03
196, 8.40000000E-01, 6.00000000E-02, 2.72779988E-04, 4.57321454E-03, 4.30043456E-03
197, 8.60000000E-01, 6.00000000E-02, 2.70725933E-04, 4.04185822E-03, 3.77113229E-03
198, 8.80000000E-01, 6.00000000E-02, 2.55419376E-04, 3.49455053E-03, 3.23913116E-03
199, 9.00000000E-01, 6.00000000E-02, 2.29698130E-04, 2.93345145E-03, 2.70375332E-03
200, 9.20000000E-01, 6.00000000E-02, 1.95452105E-04, 2.36077537E-03, 2.16532327E-03
201, 9.40000000E-01, 6.00000000E-02, 1.55018997E-04, 1.77878239E-03, 1.62376340E-03
202, 9.60000000E-01, 6.00000000E-02, 1.08050857E-04, 1.18976937E-03, 1.08171852E-03
203, 9.80000000E-01, 6.00000000E-02, 5.56070548E-05, 5.96060876E-04, 5.40453821E-04
204, 1.00000000E+00, 6.00000000E-02, 0.00000000E+00, 1.16253863E-18, 1.16253863E-18
205, 0.00000000E+00, 8.00000000E-02, 0.00000000E+00, 0.00000000E+00, 0.00000000E+00
206, 2.00000000E-02, 8.00000000E-02, 1.03812787E-04, 7.91083745E-04, 6.87270958E-04
207, 4.00000000E-02, 8.00000000E-02, 2.02913431E-04, 1.57904544E-03, 1.37613201E-03
208, 6.00000000E-02, 8.00000000E-02, 2.94215947E-04, 2.36077537E-03, 2.06655942E-03
209, 8.00000000E-02, 8.00000000E-02, 3.76451744E-04, 3.13318840E-03, 2.75673665E-03
210, 1.00000000E-01, 8.00000000E-02, 4.48980274E-04, 3.89323616E-03, 3.44425589E-03
211, 1.20000000E-01, 8.00000000E-02, 5.11362603E-04, 4.63791910E-03, 4.12655649E-03
212, 1.40000000E-01, 8.00000000E-02, 5.66667630E-04, 5.36429829E-03, 4.79763066E-03
213, 1.60000000E-01, 8.00000000E-02, 6.49536038E-04, 6.06950704E-03, 5.41997100E-03
214, 1.80000000E-01, 8.00000000E-02, 7.30315943E-04, 6.75076223E-03, 6.02044628E-03
215, 2.00000000E-01, 8.00000000E-02, 8.10202763E-04, 7.40537524E-03, 6.59517247E-03
216, 2.20000000E-01, 8.00000000E-02, 8.96521963E-04, 8.03076261E-03, 7.13424065E-03
217, 2.40000000E-01, 8.00000000E-02, 9.97978443E-04, 8.62445624E-03, 7.62647780E-03
218, 2.60000000E-01, 8.00000000E-02, 1.11714946E-03, 9.18411308E-03, 8.06696361E-03
219, 2.80000000E-01, 8.00000000E-02, 1.25044229E-03, 9.70752442E-03, 8.45708212E-03
220, 3.00000000E-01, 8.00000000E-02, 1.34756473E-03, 1.01926246E-02, 8.84505987E-03
221, 3.20000000E-01, 8.00000000E-02, 1.38815808E-03, 1.06374991E-02, 9.24934105E-03
222, 3.40000000E-01, 8.00000000E-02, 1.42668129E-03, 1.10403923E-02, 9.61371103E-03
223, 3.60000000E-01, 8.00000000E-02, 1.44004455E-03, 1.13997141E-02, 9.95966958E-03
224, 3.80000000E-01, 8.00000000E-02, 1.43859940E-03, 1.17140465E-02, 1.02754471E-02
225, 4.00000000E-01, 8.00000000E-02, 1.41081625E-03, 1.19821488E-02, 1.05713326E-02
226, 4.20000000E-01, 8.00000000E-02, 1.35657818E-03, 1.22029631E-02, 1.08463849E-02
227, 4.40000000E-01, 8.00000000E-02, 1.29252195E-03, 1.23756179E-02, 1.10830959E-02
228, 4.60000000E-01, 8.00000000E-02, 1.22055129E-03, 1.24994317E-02, 1.12788805E-02
229, 4.80000000E-01, 8.00000000E-02, 1.23915107E-03, 1.25739161E-02, 1.13347650E-02
230, 5.00000000E-01, 8.00000000E-02, 1.25326359E-03, 1.25987769E-02, 1.13455133E-02
231, 5.20000000E-01, 8.00000000E-02, 1.25261532E-03, 1.25739161E-02, 1.13213007E-02
232, 5.40000000E-01, 8.00000000E-02, 1.24528144E-03, 1.24994317E-02, 1.12541503E-02
233, 5.60000000E-01, 8.00000000E-02, 1.24238078E-03, 1.23756179E-02, 1.11332371E-02
234, 5.80000000E-01, 8.00000000E-02, 1.26516442E-03, 1.22029631E-02, 1.09377987E-02
235, 6.00000000E-01, 8.00000000E-02, 1.34284516E-03, 1.19821488E-02, 1.06393037E-02
236, 6.20000000E-01, 8.00000000E-02, 1.49196615E-03, 1.17140465E-02, 1.02220803E-02
237, 6.40000000E-01, 8.00000000E-02, 1.57552120E-03, 1.13997141E-02, 9.82419294E-03
238, 6.60000000E-01, 8.00000000E-02, 1.55991682E-03, 1.10403923E-02, 9.48047551E-03
239, 6.80000000E-01, 8.00000000E-02, 1.45376290E-03, 1.06374991E-02, 9.18373623E-03
240, 7.00000000E-01, 8.00000000E-02, 1.32162573E-03, 1.01926246E-02, 8.87099886E-03
241, 7.20000000E-01, 8.00000000E-02, 1.09467059E-03, 9.70752442E-03, 8.61285382E-03
242, 7.40000000E-01, 8.00000000E-02, 8.80741584E-04, 9.18411308E-03, 8.30337149E-03
243, 7.60000000E-01, 8.00000000E-02, 6.93606405E-04, 8.62445624E-03, 7.93084983E-03
244, 7.80000000E-01, 8.00000000E-02, 5.84405189E-04, 8.03076261E-03, 7.44635742E-03
245, 8.00000000E-01, 8.00000000E-02, 5.07378687E-04, 7.40537524E-03, 6.89799655E-03
246, 8.20000000E-01, 8.00000000E-02, 4.50208393E-04, 6.75076223E-03, 6.30055383E-03
247, 8.40000000E-01, 8.00000000E-02, 4.05416603E-04, 6.06950704E-03, 5.66409044E-03
248, 8.60000000E-01, 8.00000000E-02, 3.69603281E-04, 5.36429829E-03, 4.99469501E-03
249, 8.80000000E-01, 8.00000000E-02, 3.33390866E-04, 4.63791910E-03, 4.30452823E-03
250, 9.00000000E-01, 8.00000000E-02, 2.92050687E-04, 3.89323616E-03, 3.60118547E-03
251, 9.20000000E-01, 8.00000000E-02, 2.45108607E-04, 3.13318840E-03, 2.88807979E-03
252, 9.40000000E-01, 8.00000000E-02, 1.96129588E-04, 2.36077537E-03, 2.16464578E-03
253, 9.60000000E-01, 8.00000000E-02, 1.38099033E-04, 1.57904544E-03, 1.44094641E-03
254, 9.80000000E-01, 8.00000000E-02, 7.16374113E-05, 7.91083745E-04, 7.19446333E-04
255, 1.00000000E+00, 8.00000000E-02, 0.00000000E+00, 1.54290518E-18, 1.54290518E-18
256, 0.00000000E+00, 1.00000000E-01, 0.00000000E+00, 0.00000000E+00, 0.00000000E+00
257, 2.00000000E-02, 1.00000000E-01, 1.26137690E-04, 9.82984567E-04, 8.56846877E-04
258, 4.00000000E-02, 1.00000000E-01, 2.44257643E-04, 1.96208974E-03, 1.71783210E-03
259, 6.00000000E-02, 1.00000000E-01, 3.50463462E-04, 2.93345145E-03, 2.58298799E-03
260, 8.00000000E-02, 1.00000000E-01, 4.45443197E-04, 3.89323616E-03, 3.44779296E-03
261, 1.00000000E-01, 1.00000000E-01, 5.31215972E-04, 4.83765605E-03, 4.30644007E-03
262, 1.20000000E-01, 1.00000000E-01, 6.10838303E-04, 5.76298392E-03, 5.15214561E-03
263, 1.40000000E-01, 1.00000000E-01, 6.86723592E-04, 6.66556792E-03, 5.97884433E-03
264, 1.60000000E-01, 1.00000000E-01, 7.57845228E-04, 7.54184597E-03, 6.78400074E-03
265, 1.80000000E-01, 1.00000000E-01, 8.26216556E-04, 8.38835980E-03, 7.56214325E-03
266, 2.00000000E-01, 1.00000000E-01, 8.96808259E-04, 9.20176861E-03, 8.30496035E-03
267, 2.20000000E-01, 1.00000000E-01, 9.77486804E-04, 9.97886224E-03, 9.00137544E-03
268, 2.40000000E-01, 1.00000000E-01, 1.08295603E-03, 1.07165739E-02, 9.63361784E-03
269, 2.60000000E-01, 1.00000000E-01, 1.20263076E-03, 1.14119921E-02, 1.02093613E-02
270, 2.80000000E-01, 1.00000000E-01, 1.32579839E-03, 1.20623723E-02, 1.07365740E-02
271, 3.00000000E-01, 1.00000000E-01, 1.43022407E-03, 1.26651480E-02, 1.12349239E-02
272, 3.20000000E-01, 1.00000000E-01, 1.50100461E-03, 1.32179400E-02, 1.17169354E-02
273, 3.40000000E-01, 1.00000000E-01, 1.54601991E-03, 1.37185669E-02, 1.21725470E-02
274, 3.60000000E-01, 1.00000000E-01, 1.56756559E-03, 1.41650529E-02, 1.25974873E-02
275, 3.80000000E-01, 1.00000000E-01, 1.57526644E-03, 1.45556358E-02, 1.29803694E-02
276, 4.00000000E-01, 1.00000000E-01, 1.56867772E-03, 1.48887744E-02, 1.33200966E-02
277, 4.20000000E-01, 1.00000000E-01, 1.54894371E-03, 1.51631537E-02, 1.36142100E-02
278, 4.40000000E-01, 1.00000000E-01, 1.52186458E-03, 1.53776910E-02, 1.38558264E-02
279, 4.60000000E-01, 1.00000000E-01, 1.49001349E-03, 1.55315396E-02, 1.40415261E-02
280, 4.80000000E-01, 1.00000000E-01, 1.46465944E-03, 1.56240923E-02, 1.41594328E-02
281, 5.00000000E-01, 1.00000000E-01, 1.43621740E-03, 1.56549838E-02, 1.42187664E-02
282, 5.20000000E-01, 1.00000000E-01, 1.39485516E-03, 1.56240923E-02, 1.42292371E-02
283, 5.40000000E-01, 1.00000000E-01, 1.34048447E-03, 1.55315396E-02, 1.41910551E-02
284, 5.60000000E-01, 1.00000000E-01, 1.29072251E-03, 1.53776910E-02, 1.40869685E-02
285, 5.80000000E-01, 1.00000000E-01, 1.26153773E-03, 1.51631537E-02, 1.39016160E-02
286, 6.00000000E-01, 1.00000000E-01, 1.25507130E-03, 1.48887744E-02, 1.36337031E-02
287, 6.20000000E-01, 1.00000000E-01, 1.32876521E-03, 1.45556358E-02, 1.32268706E-02
288, 6.40000000E-01, 1.00000000E-01, 1.37729425E-03, 1.41650529E-02, 1.27877586E-02
289, 6.60000000E-01, 1.00000000E-01, 1.37274480E-03, 1.37185669E-02, 1.23458221E-02
290, 6.80000000E-01, 1.00000000E-01, 1.31430014E-03, 1.32179400E-02, 1.19036399E-02
291, 7.00000000E-01, 1.00000000E-01, 1.21490620E-03, 1.26651480E-02, 1.14502418E-02
292, 7.20000000E-01, 1.00000000E-01, 1.07078391E-03, 1.20623723E-02, 1.09915884E-02
293, 7.40000000E-01, 1.00000000E-01, 9.19509782E-04, 1.14119921E-02, 1.04924823E-02
294, 7.60000000E-01, 1.00000000E-01, 7.84808998E-04, 1.07165739E-02, 9.93176487E-03
295, 7.80000000E-01, 1.00000000E-01, 6.83707990E-04, 9.97886224E-03, 9.29515425E-03
296, 8.00000000E-01, 1.00000000E-01, 6.06475792E-04, 9.20176861E-03, 8.59529282E-03
297, 8.20000000E-01, 1.00000000E-01, 5.40547041E-04, 8.38835980E-03, 7.84781276E-03
298, 8.40000000E-01, 1.00000000E-01, 4.81151842E-04, 7.54184597E-03, 7.06069413E-03
299, 8.60000000E-01, 1.00000000E-01, 4.26524922E-04, 6.66556792E-03, 6.23904300E-03
300, 8.80000000E-01, 1.00000000E-01, 3.79870578E-04, 5.76298392E-03, 5.38311334E-03
301, 9.00000000E-01, 1.00000000E-01, 3.29265384E-04, 4.83765605E-03, 4.50839066E-03
302, 9.20000000E-01, 1.00000000E-01, 2.72063383E-04, 3.89323616E-03, 3.62117278E-03
303, 9.40000000E-01, 1.00000000E-01, 2.27651779E-04, 2.93345145E-03, 2.70579967E-03
304, 9.60000000E-01, 1.00000000E-01, 1.64110632E-04, 1.96208974E-03, 1.79797911E-03
305, 9.80000000E-01, 1.00000000E-01, 8.65974108E-05, 9.82984567E-04, 8.96387156E-04
306, 1.00000000E+00, 1.00000000E-01, 0.00000000E+00, 1.91718258E-18, 1.91718258E-18
307, 0.00000000E+00, 1.20000000E-01, 0.00000000E+00, 0.00000000E+00, 0.00000000E+00
308, 2.00000000E-02, 1.20000000E-01, 1.48718994E-04, 1.17100600E-03, 1.02228700E-03
309, 4.00000000E-02, 1.20000000E-01, 2.82023951E-04, 2.33739057E-03, 2.05536662E-03
310, 6.00000000E-02, 1.20000000E-01, 3.94775457E-04, 3.49455053E-03, 3.09977507E-03
311, 8.00000000E-02, 1.20000000E-01, 4.92901848E-04, 4.63791910E-03, 4.14501725E-03
312, 1.00000000E-01, 1.20000000E-01, 5.81405515E-04, 5.76298392E-03, 5.18157840E-03
313, 1.20000000E-01, 1.20000000E-01, 6.68548348E-04, 6.86530487E-03, 6.19675652E-03
314, 1.40000000E-01, 1.20000000E-01, 7.58913992E-04, 7.94053160E-03, 7.18161761E-03
315, 1.60000000E-01, 1.20000000E-01, 8.09356698E-04, 8.98442068E-03, 8.17506398E-03
316, 1.80000000E-01, 1.20000000E-01, 8.53664960E-04, 9.99285236E-03, 9.13918740E-03
317, 2.00000000E-01, 1.20000000E-01, 9.00672659E-04, 1.09618468E-02, 1.00611742E-02
318, 2.20000000E-01, 1.20000000E-01, 9.54871028E-04, 1.18875799E-02, 1.09327088E-02
319, 2.40000000E-01, 1.20000000E-01, 1.06911342E-03, 1.27663981E-02, 1.16972846E-02
320, 2.60000000E-01, 1.20000000E-01, 1.19451369E-03, 1.35948331E-02, 1.24003194E-02
321, 2.80000000E-01, 1.20000000E-01, 1.32465577E-03, 1.43696156E-02, 1.30449598E-02
322, 3.00000000E-01, 1.20000000E-01, 1.44652857E-03, 1.50876878E-02, 1.36411592E-02
323, 3.20000000E-01, 1.20000000E-01, 1.53525168E-03, 1.57462157E-02, 1.42109640E-02
324, 3.40000000E-01, 1.20000000E-01, 1.58051070E-03, 1.63426005E-02, 1.47620898E-02
325, 3.60000000E-01, 1.20000000E-01, 1.59708870E-03, 1.68744886E-02, 1.52773999E-02
326, 3.80000000E-01, 1.20000000E-01, 1.61129633E-03, 1.73397808E-02, 1.57284844E-02
327, 4.00000000E-01, 1.20000000E-01, 1.62212745E-03, 1.77366407E-02, 1.61145133E-02
328, 4.20000000E-01, 1.20000000E-01, 1.62893090E-03, 1.80635023E-02, 1.64345714E-02
329, 4.40000000E-01, 1.20000000E-01, 1.63456177E-03, 1.83190754E-02, 1.66845137E-02
330, 4.60000000E-01, 1.20000000E-01, 1.63034654E-03, 1.85023516E-02, 1.68720050E-02
331, 4.80000000E-01, 1.20000000E-01, 1.56989290E-03, 1.86126074E-02, 1.70427145E-02
332, 5.00000000E-01, 1.20000000E-01, 1.50848461E-03, 1.86494077E-02, 1.71409231E-02
333, 5.20000000E-01, 1.20000000E-01, 1.42674057E-03, 1.86126074E-02, 1.71858668E-02
334, 5.40000000E-01, 1.20000000E-01, 1.30844665E-03, 1.85023516E-02, 1.71939049E-02
335, 5.60000000E-01, 1.20000000E-01, 1.19706969E-03, 1.83190754E-02, 1.71220057E-02
336, 5.80000000E-01, 1.20000000E-01, 1.11546921E-03, 1.80635023E-02, 1.69480331E-02
337, 6.00000000E-01, 1.20000000E-01, 9.69580067E-04, 1.77366407E-02, 1.67670607E-02
338, 6.20000000E-01, 1.20000000E-01, 1.07580242E-03, 1.73397808E-02, 1.62639783E-02
339, 6.40000000E-01, 1.20000000E-01, 1.12030302E-03, 1.68744886E-02, 1.57541856E-02
340, 6.60000000E-01, 1.20000000E-01, 1.13115053E-03, 1.63426005E-02, 1.52114500E-02
341, 6.80000000E-01, 1.20000000E-01, 1.11142198E-03, 1.57462157E-02, 1.46347937E-02
342, 7.00000000E-01, 1.20000000E-01, 1.05291502E-03, 1.50876878E-02, 1.40347727E-02
343, 7.20000000E-01, 1.20000000E-01, 9.58808396E-04, 1.43696156E-02, 1.34108072E-02
344, 7.40000000E-01, 1.20000000E-01, 8.51599158E-04, 1.35948331E-02, 1.27432340E-02
345, 7.60000000E-01, 1.20000000E-01, 7.57797138E-04, 1.27663981E-02, 1.20086009E-02
346, 7.80000000E-01, 1.20000000E-01, 6.80352041E-04, 1.18875799E-02, 1.12072278E-02
347, 8.00000000E-01, 1.20000000E-01, 6.21615198E-04, 1.09618468E-02, 1.03402316E-02
348, 8.20000000E-01, 1.20000000E-01, 5.58120301E-04, 9.99285236E-03, 9.43473206E-03
349, 8.40000000E-01, 1.20000000E-01, 4.92570775E-04, 8.98442068E-03, 8.49184991E-03
350, 8.60000000E-01, 1.20000000E-01, 4.22844771E-04, 7.94053160E-03, 7.51768683E-03
351, 8.80000000E-01, 1.20000000E-01, 3.84798441E-04, 6.86530487E-03, 6.48050643E-03
352, 9.00000000E-01, 1.20000000E-01, 3.34880289E-04, 5.76298392E-03, 5.42810363E-03
353, 9.20000000E-01, 1.20000000E-01, 2.55488002E-04, 4.63791910E-03, 4.38243110E-03
354, 9.40000000E-01, 1.20000000E-01, 2.55141911E-04, 3.49455053E-03, 3.23940862E-03
355, 9.60000000E-01, 1.20000000E-01, 1.88602264E-04, 2.33739057E-03, 2.14878831E-03
356, 9.80000000E-01, 1.20000000E-01, 1.02880265E-04, 1.17100600E-03, 1.06812573E-03
357, 1.00000000E+00, 1.20000000E-01, 0.00000000E+00, 2.28389374E-18, 2.28389374E-18
358, 0.00000000E+00, 1.40000000E-01, 0.00000000E+00, 0.00000000E+00, 0.00000000E+00
359, 2.00000000E-02, 1.40000000E-01, 1.77468444E-04, 1.35440600E-03, 1.17693756E-03
360, 4.00000000E-02, 1.40000000E-01, 3.21888412E-04, 2.70346679E-03, 2.38157838E-03
361, 6.00000000E-02, 1.40000000E-01, 4.26120703E-04, 4.04185822E-03, 3.61573752E-03
362, 8.00000000E-02, 1.40000000E-01, 5.13363682E-04, 5.36429829E-03, 4.85093461E-03
363, 1.00000000E-01, 1.40000000E-01, 5.87453193E-04, 6.66556792E-03, 6.07811473E-03
364, 1.20000000E-01, 1.40000000E-01, 6.68829305E-04, 7.94053160E-03, 7.27170229E-03
365, 1.40000000E-01, 1.40000000E-01, 8.08331408E-04, 9.18415763E-03, 8.37582622E-03
366, 1.60000000E-01, 1.40000000E-01, 7.96064468E-04, 1.03915380E-02, 9.59547352E-03
367, 1.80000000E-01, 1.40000000E-01, 7.99513527E-04, 1.15579077E-02, 1.07583942E-02
368, 2.00000000E-01, 1.40000000E-01, 8.10795117E-04, 1.26786636E-02, 1.18678685E-02
369, 2.20000000E-01, 1.40000000E-01, 7.78350660E-04, 1.37493826E-02, 1.29710320E-02
370, 2.40000000E-01, 1.40000000E-01, 9.43313504E-04, 1.47658391E-02, 1.38225256E-02
371, 2.60000000E-01, 1.40000000E-01, 1.07431429E-03, 1.57240216E-02, 1.46497073E-02
372, 2.80000000E-01, 1.40000000E-01, 1.21832450E-03, 1.66201486E-02, 1.54018241E-02
373, 3.00000000E-01, 1.40000000E-01, 1.37685514E-03, 1.74506834E-02, 1.60738282E-02
374, 3.20000000E-01, 1.40000000E-01, 1.48863571E-03, 1.82123483E-02, 1.67237126E-02
375, 3.40000000E-01, 1.40000000E-01, 1.51464651E-03, 1.89021374E-02, 1.73874909E-02
376, 3.60000000E-01, 1.40000000E-01, 1.49574655E-03, 1.95173284E-02, 1.80215819E-02
377, 3.80000000E-01, 1.40000000E-01, 1.51379331E-03, 2.00554935E-02, 1.85417002E-02
378, 4.00000000E-01, 1.40000000E-01, 1.53956194E-03, 2.05145087E-02, 1.89749467E-02
379, 4.20000000E-01, 1.40000000E-01, 1.56746698E-03, 2.08925624E-02, 1.93250955E-02
380, 4.40000000E-01, 1.40000000E-01, 1.61246342E-03, 2.11881628E-02, 1.95756994E-02
381, 4.60000000E-01, 1.40000000E-01, 1.68082931E-03, 2.14001432E-02, 1.97193139E-02
382, 4.80000000E-01, 1.40000000E-01, 1.52912175E-03, 2.15276670E-02, 1.99985452E-02
383, 5.00000000E-01, 1.40000000E-01, 1.45383773E-03, 2.15702309E-02, 2.01163932E-02
384, 5.20000000E-01, 1.40000000E-01, 1.34821662E-03, 2.15276670E-02, 2.01794503E-02
385, 5.40000000E-01, 1.40000000E-01, 1.12340316E-03, 2.14001432E-02, 2.02767400E-02
386, 5.60000000E-01, 1.40000000E-01, 9.28998752E-04, 2.11881628E-02, 2.02591641E-02
387, 5.80000000E-01, 1.40000000E-01, 8.91065648E-04, 2.08925624E-02, 2.00014968E-02
388, 6.00000000E-01, 1.40000000E-01, 8.25496630E-04, 2.05145087E-02, 1.96890120E-02
389, 6.20000000E-01, 1.40000000E-01, 7.94647410E-04, 2.00554935E-02, 1.92608461E-02
390, 6.40000000E-01, 1.40000000E-01, 7.87511264E-04, 1.95173284E-02, 1.87298172E-02
391, 6.60000000E-01, 1.40000000E-01, 8.04166669E-04, 1.89021374E-02, 1.80979708E-02
392, 6.80000000E-01, 1.40000000E-01, 8.30555303E-04, 1.82123483E-02, 1.73817930E-02
393, 7.00000000E-01, 1.40000000E-01, 8.11932177E-04, 1.74506834E-02, 1.66387512E-02
394, 7.20000000E-01, 1.40000000E-01, 7.49197028E-04, 1.66201486E-02, 1.58709515E-02
395, 7.40000000E-01, 1.40000000E-01, 6.64556088E-04, 1.57240216E-02, 1.50594655E-02
396, 7.60000000E-01, 1.40000000E-01, 6.14590704E-04, 1.47658391E-02, 1.41512484E-02
397, 7.80000000E-01, 1.40000000E-01, 5.65056018E-04, 1.37493826E-02, 1.31843266E-02
398, 8.00000000E-01, 1.40000000E-01, 5.55436276E-04, 1.26786636E-02, 1.21232273E-02
399, 8.20000000E-01, 1.40000000E-01, 4.99241828E-04, 1.15579077E-02, 1.10586659E-02
400, 8.40000000E-01, 1.40000000E-01, 4.33805478E-04, 1.03915380E-02, 9.95773251E-03
401, 8.60000000E-01, 1.40000000E-01, 3.22839827E-04, 9.18415763E-03, 8.86131780E-03
402, 8.80000000E-01, 1.40000000E-01, 3.46253018E-04, 7.94053160E-03, 7.59427858E-03
403, 9.00000000E-01, 1.40000000E-01, 3.23789249E-04, 6.66556792E-03, 6.34177867E-03
404, 9.20000000E-01, 1.40000000E-01, 3.47193418E-04, 5.36429829E-03, 5.01710487E-03
405, 9.40000000E-01, 1.40000000E-01, 3.43962791E-04, 4.04185822E-03, 3.69789543E-03
406, 9.60000000E-01, 1.40000000E-01, 2.24505571E-04, 2.70346679E-03, 2.47896122E-03
407, 9.80000000E-01, 1.40000000E-01, 1.31423895E-04, 1.35440600E-03, 1.22298211E-03
408, 1.00000000E+00, 1.40000000E-01, 4.62582890E-08, 2.64159142E-18, 4.62582890E-08
409, 0.00000000E+00, 1.60000000E-01, 0.00000000E+00, 0.00000000E+00, 0.00000000E+00
410, 2.00000000E-02, 1.60000000E-01, 2.28615936E-04, 1.53246079E-03, 1.30384485E-03
411, 4.00000000E-02, 1.60000000E-01, 3.80690594E-04, 3.05887365E-03, 2.67818306E-03
412, 6.00000000E-02, 1.60000000E-01, 4.42709240E-04, 4.57321454E-03, 4.13050530E-03
413, 8.00000000E-02, 1.60000000E-01, 5.04896592E-04, 6.06950704E-03, 5.56461045E-03
414, 1.00000000E-01, 1.60000000E-01, 5.34018132E-04, 7.54184597E-03, 7.00782784E-03
415, 1.20000000E-01, 1.60000000E-01, 5.48971138E-04, 8.98442068E-03, 8.43544954E-03
416, 1.40000000E-01, 1.60000000E-01, 6.26127553E-04, 1.03915380E-02, 9.76541043E-03
417, 1.60000000E-01, 1.60000000E-01, 6.52736051E-04, 1.17576446E-02, 1.11049086E-02
418, 1.80000000E-01, 1.60000000E-01, 6.31166412E-04, 1.30773492E-02, 1.24461828E-02
419, 2.00000000E-01, 1.60000000E-01, 6.58343960E-04, 1.43454435E-02, 1.36870996E-02
420, 2.20000000E-01, 1.60000000E-01, 7.48849271E-04, 1.55569229E-02, 1.48080736E-02
421, 2.40000000E-01, 1.60000000E-01, 7.94792194E-04, 1.67070062E-02, 1.59122140E-02
422, 2.60000000E-01, 1.60000000E-01, 8.59099104E-04, 1.77911546E-02, 1.69320554E-02
423, 2.80000000E-01, 1.60000000E-01, 1.00221303E-03, 1.88050894E-02, 1.78028763E-02
424, 3.00000000E-01, 1.60000000E-01, 1.24928425E-03, 1.97448091E-02, 1.84955248E-02
425, 3.20000000E-01, 1.60000000E-01, 1.41450737E-03, 2.06066051E-02, 1.91920977E-02
426, 3.40000000E-01, 1.60000000E-01, 1.37268027E-03, 2.13870762E-02, 2.00143959E-02
427, 3.60000000E-01, 1.60000000E-01, 1.22932775E-03, 2.20831423E-02, 2.08538146E-02
428, 3.80000000E-01, 1.60000000E-01, 1.27408930E-03, 2.26920563E-02, 2.14179670E-02
429, 4.00000000E-01, 1.60000000E-01, 1.31506486E-03, 2.32114152E-02, 2.18963503E-02
430, 4.20000000E-01, 1.60000000E-01, 1.34609446E-03, 2.36391692E-02, 2.22930747E-02
431, 4.40000000E-01, 1.60000000E-01, 1.42576071E-03, 2.39736302E-02, 2.25478695E-02
432, 4.60000000E-01, 1.60000000E-01, 1.31455359E-03, 2.42134782E-02, 2.28989246E-02
433, 4.80000000E-01, 1.60000000E-01, 1.23934677E-03, 2.43577667E-02, 2.31184200E-02
434, 5.00000000E-01, 1.60000000E-01, 1.33099759E-03, 2.44059262E-02, 2.30749286E-02
435, 5.20000000E-01, 1.60000000E-01, 1.43217144E-03, 2.43577667E-02, 2.29255953E-02
436, 5.40000000E-01, 1.60000000E-01, 1.14889014E-03, 2.42134782E-02, 2.30645881E-02
437, 5.60000000E-01, 1.60000000E-01, 1.03725976E-03, 2.39736302E-02, 2.29363704E-02
438, 5.80000000E-01, 1.60000000E-01, 1.20018034E-03, 2.36391692E-02, 2.24389889E-02
439, 6.00000000E-01, 1.60000000E-01, 1.02137960E-03, 2.32114152E-02, 2.21900356E-02
440, 6.20000000E-01, 1.60000000E-01, 9.71167002E-04, 2.26920563E-02, 2.17208893E-02
441, 6.40000000E-01, 1.60000000E-01, 9.61115612E-04, 2.20831423E-02, 2.11220267E-02
442, 6.60000000E-01, 1.60000000E-01, 1.24051372E-03, 2.13870762E-02, 2.01465625E-02
443, 6.80000000E-01, 1.60000000E-01, 1.16429636E-03, 2.06066051E-02, 1.94423087E-02
444, 7.00000000E-01, 1.60000000E-01, 1.16776084E-03, 1.97448091E-02, 1.85770482E-02
445, 7.20000000E-01, 1.60000000E-01, 1.07064452E-03, 1.88050894E-02, 1.77344449E-02
446, 7.40000000E-01, 1.60000000E-01, 8.96705037E-04, 1.77911546E-02, 1.68944495E-02
447, 7.60000000E-01, 1.60000000E-01, 8.78711913E-04, 1.67070062E-02, 1.58282943E-02
448, 7.80000000E-01, 1.60000000E-01, 9.31765230E-04, 1.55569229E-02, 1.46251576E-02
449, 8.00000000E-01, 1.60000000E-01, 8.81162491E-04, 1.43454435E-02, 1.34642810E-02
450, 8.20000000E-01, 1.60000000E-01, 7.60686227E-04, 1.30773492E-02, 1.23166630E-02
451, 8.40000000E-01, 1.60000000E-01, 6.92721061E-04, 1.17576446E-02, 1.10649236E-02
452, 8.60000000E-01, 1.60000000E-01, 5.80338710E-04, 1.03915380E-02, 9.81119928E-03
453, 8.80000000E-01, 1.60000000E-01, 5.68959227E-04, 8.98442068E-03, 8.41546145E-03
454, 9.00000000E-01, 1.60000000E-01, 5.45235960E-04, 7.54184597E-03, 6.99661001E-03
455, 9.20000000E-01, 1.60000000E-01, 6.04976204E-04, 6.06950704E-03, 5.46453084E-03
456, 9.40000000E-01, 1.60000000E-01, 4.25574344E-04, 4.57321454E-03, 4.14764020E-03
457, 9.60000000E-01, 1.60000000E-01, 3.63473646E-04, 3.05887365E-03, 2.69540001E-03
458, 9.80000000E-01, 1.60000000E-01, 2.71466519E-04, 1.53246079E-03, 1.26099427E-03
459, 1.00000000E+00, 1.60000000E-01, 0.00000000E+00, 2.98886395E-18, 2.98886395E-18
460, 0.00000000E+00, 1.80000000E-01, 0.00000000E+00, 0.00000000E+00, 0.00000000E+00
461, 2.00000000E-02, 1.80000000E-01, 4.95398212E-04, 1.70446765E-03, 1.20906944E-03
462, 4.00000000E-02, 1.80000000E-01, 7.74825189E-04, 3.40220854E-03, 2.62738336E-03
463, 6.00000000E-02, 1.80000000E-01, 7.70648169E-04, 5.08652248E-03, 4.31587431E-03
464, 8.00000000E-02, 1.80000000E-01, 8.90553900E-04, 6.75076223E-03, 5.86020833E-03
465, 1.00000000E-01, 1.80000000E-01, 8.92379031E-04, 8.38835980E-03, 7.49598077E-03
466, 1.20000000E-01, 1.80000000E-01, 9.55332047E-04, 9.99285236E-03, 9.03752031E-03
467, 1.40000000E-01, 1.80000000E-01, 1.03678208E-03, 1.15579077E-02, 1.05211256E-02
468, 1.60000000E-01, 1.80000000E-01, 1.04742766E-03, 1.30773492E-02, 1.20299216E-02
469, 1.80000000E-01, 1.80000000E-01, 8.64720124E-04, 1.45451805E-02, 1.36804603E-02
470, 2.00000000E-01, 1.80000000E-01, 1.03200080E-03, 1.59556085E-02, 1.49236077E-02
471, 2.20000000E-01, 1.80000000E-01, 1.09232833E-03, 1.73030671E-02, 1.62107387E-02
472, 2.40000000E-01, 1.80000000E-01, 1.05037162E-03, 1.85822383E-02, 1.75318667E-02
473, 2.60000000E-01, 1.80000000E-01, 1.00857144E-03, 1.97880739E-02, 1.87795025E-02
474, 2.80000000E-01, 1.80000000E-01, 1.05503676E-03, 2.09158151E-02, 1.98607783E-02
475, 3.00000000E-01, 1.80000000E-01, 1.20048046E-03, 2.19610111E-02, 2.07605306E-02
476, 3.20000000E-01, 1.80000000E-01, 1.26392433E-03, 2.29195370E-02, 2.16556127E-02
477, 3.40000000E-01, 1.80000000E-01, 1.27865540E-03, 2.37876100E-02, 2.25089546E-02
478, 3.60000000E-01, 1.80000000E-01, 1.57867409E-03, 2.45618041E-02, 2.29831300E-02
479, 3.80000000E-01, 1.80000000E-01, 1.69207920E-03, 2.52390640E-02, 2.35469848E-02
480, 4.00000000E-01, 1.80000000E-01, 1.80327315E-03, 2.58167169E-02, 2.40134437E-02
481, 4.20000000E-01, 1.80000000E-01, 1.51541358E-03, 2.62924830E-02, 2.47770694E-02
482, 4.40000000E-01, 1.80000000E-01, 1.57286873E-03, 2.66644846E-02, 2.50916159E-02
483, 4.60000000E-01, 1.80000000E-01, 1.65134686E-03, 2.69312537E-02, 2.52799069E-02
484, 4.80000000E-01, 1.80000000E-01, 1.53969553E-03, 2.70917375E-02, 2.55520420E-02
485, 5.00000000E-01, 1.80000000E-01, 1.56930326E-03, 2.71453025E-02, 2.55759993E-02
486, 5.20000000E-01, 1.80000000E-01, 1.33369322E-03, 2.70917375E-02, 2.57580443E-02
487, 5.40000000E-01, 1.80000000E-01, 1.13617104E-03, 2.69312537E-02, 2.57950827E-02
488, 5.60000000E-01, 1.80000000E-01, 1.38858534E-03, 2.66644846E-02, 2.52758993E-02
489, 5.80000000E-01, 1.80000000E-01, 1.32879634E-03, 2.62924830E-02, 2.49636866E-02
490, 6.00000000E-01, 1.80000000E-01, 1.33213152E-03, 2.58167169E-02, 2.44845853E-02
491, 6.20000000E-01, 1.80000000E-01, 1.19263407E-03, 2.52390640E-02, 2.40464299E-02
492, 6.40000000E-01, 1.80000000E-01, 1.23414415E-03, 2.45618041E-02, 2.33276599E-02
493, 6.60000000E-01, 1.80000000E-01, 1.39716075E-03, 2.37876100E-02, 2.23904492E-02
494, 6.80000000E-01, 1.80000000E-01, 1.28353215E-03, 2.29195370E-02, 2.16360048E-02
495, 7.00000000E-01, 1.80000000E-01, 1.30967247E-03, 2.19610111E-02, 2.06513386E-02
496, 7.20000000E-01, 1.80000000E-01, 1.27694072E-03, 2.09158151E-02, 1.96388744E-02
497, 7.40000000E-01, 1.80000000E-01, 1.21854895E-03, 1.97880739E-02, 1.85695250E-02
498, 7.60000000E-01, 1.80000000E-01, 1.17177726E-03, 1.85822383E-02, 1.74104610E-02
499, 7.80000000E-01, 1.80000000E-01, 1.16033844E-03, 1.73030671E-02, 1.61427286E-02
500, 8.00000000E-01, 1.80000000E-01, 1.27309428E-03, 1.59556085E-02, 1.46825142E-02
501, 8.20000000E-01, 1.80000000E-01, 1.04557046E-03, 1.45451805E-02, 1.34996100E-02
502, 8.40000000E-01, 1.80000000E-01, 8.58583119E-04, 1.30773492E-02, 1.22187661E-02
503, 8.60000000E-01, 1.80000000E-01, 7.85379384E-04, 1.15579077E-02, 1.07725283E-02
504, 8.80000000E-01, 1.80000000E-01, 6.39935032E-04, 9.99285236E-03, 9.35291733E-03
505, 9.00000000E-01, 1.80000000E-01, 5.51452641E-04, 8.38835980E-03, 7.83690716E-03
506, 9.20000000E-01, 1.80000000E-01, 6.58792407E-04, 6.75076223E-03, 6.09196982E-03
507, 9.40000000E-01, 1.80000000E-01, 5.60417190E-04, 5.08652248E-03, 4.52610529E-03
508, 9.60000000E-01, 1.80000000E-01, 4.32500178E-04, 3.40220854E-03, 2.96970837E-03
509, 9.80000000E-01, 1.80000000E-01, 3.59608298E-04, 1.70446765E-03, 1.34485935E-03
510, 1.00000000E+00, 1.80000000E-01, 0.00000000E+00, 3.32434079E-18, 3.32434079E-18
511, 0.00000000E+00, 2.00000000E-01, 0.00000000E+00, 0.00000000E+00, 0.00000000E+00
512, 2.00000000E-02, 2.00000000E-01, 3.64812116E-04, 1.86974776E-03, 1.50493564E-03
513, 4.00000000E-02, 2.00000000E-01, 5.62641640E-04, 3.73211647E-03, 3.16947483E-03
514, 6.00000000E-02, 2.00000000E-01, 9.06320314E-04, 5.57975623E-03, 4.67343592E-03
515, 8.00000000E-02, 2.00000000E-01, 1.10003797E-03, 7.40537524E-03, 6.30533727E-03
516, 1.00000000E-01, 2.00000000E-01, 1.35912564E-03, 9.20176861E-03, 7.84264297E-03
517, 1.20000000E-01, 2.00000000E-01, 1.20242234E-03, 1.09618468E-02, 9.75942447E-03
518, 1.40000000E-01, 2.00000000E-01, 1.41190534E-03, 1.26786636E-02, 1.12667583E-02
519, 1.60000000E-01, 2.00000000E-01, 1.44303883E-03, 1.43454435E-02, 1.29024047E-02
520, 1.80000000E-01, 2.00000000E-01, 1.35101966E-03, 1.59556085E-02, 1.46045888E-02
521, 2.00000000E-01, 2.00000000E-01, 1.50114537E-03, 1.75028040E-02, 1.60016586E-02
522, 2.20000000E-01, 2.00000000E-01, 1.34234155E-03, 1.89809239E-02, 1.76385824E-02
523, 2.40000000E-01, 2.00000000E-01, 1.14679036E-03, 2.03841348E-02, 1.92373445E-02
524, 2.60000000E-01, 2.00000000E-01, 1.44456926E-03, 2.17068988E-02, 2.02623296E-02
525, 2.80000000E-01, 2.00000000E-01, 1.38469335E-03, 2.29439956E-02, 2.15593023E-02
526, 3.00000000E-01, 2.00000000E-01, 1.44048567E-03, 2.40905430E-02, 2.26500573E-02
527, 3.20000000E-01, 2.00000000E-01, 1.28311902E-03, 2.51420160E-02, 2.38588969E-02
528, 3.40000000E-01, 2.00000000E-01, 1.31110670E-03, 2.60942649E-02, 2.47831582E-02
529, 3.60000000E-01, 2.00000000E-01, 1.51175472E-03, 2.69435317E-02, 2.54317769E-02
530, 3.80000000E-01, 2.00000000E-01, 1.50319671E-03, 2.76864646E-02, 2.61832679E-02
531, 4.00000000E-01, 2.00000000E-01, 1.71143770E-03, 2.83201318E-02, 2.66086941E-02
532, 4.20000000E-01, 2.00000000E-01, 1.87552117E-03, 2.88420323E-02, 2.69665111E-02
533, 4.40000000E-01, 2.00000000E-01, 2.01364418E-03, 2.92501065E-02, 2.72364623E-02
534, 4.60000000E-01, 2.00000000E-01, 2.11102694E-03, 2.95427439E-02, 2.74317169E-02
535, 4.80000000E-01, 2.00000000E-01, 1.76836495E-03, 2.97187896E-02, 2.79504246E-02
536, 5.00000000E-01, 2.00000000E-01, 1.76967974E-03, 2.97775487E-02, 2.80078690E-02
537, 5.20000000E-01, 2.00000000E-01, 1.76151788E-03, 2.97187896E-02, 2.79572717E-02
538, 5.40000000E-01, 2.00000000E-01, 1.64983230E-03, 2.95427439E-02, 2.78929116E-02
539, 5.60000000E-01, 2.00000000E-01, 1.70868386E-03, 2.92501065E-02, 2.75414226E-02
540, 5.80000000E-01, 2.00000000E-01, 1.45574508E-03, 2.88420323E-02, 2.73862872E-02
541, 6.00000000E-01, 2.00000000E-01, 1.22015039E-03, 2.83201318E-02, 2.70999814E-02
542, 6.20000000E-01, 2.00000000E-01, 1.49580576E-03, 2.76864646E-02, 2.61906589E-02
543, 6.40000000E-01, 2.00000000E-01, 1.41833930E-03, 2.69435317E-02, 2.55251924E-02
544, 6.60000000E-01, 2.00000000E-01, 1.44586409E-03, 2.60942649E-02, 2.46484008E-02
545, 6.80000000E-01, 2.00000000E-01, 1.30556586E-03, 2.51420160E-02, 2.38364501E-02
546, 7.00000000E-01, 2.00000000E-01, 1.31072317E-03, 2.40905430E-02, 2.27798198E-02
547, 7.20000000E-01, 2.00000000E-01, 1.47110381E-03, 2.29439956E-02, 2.14728918E-02
548, 7.40000000E-01, 2.00000000E-01, 1.36379653E-03, 2.17068988E-02, 2.03431023E-02
549, 7.60000000E-01, 2.00000000E-01, 1.38012594E-03, 2.03841348E-02, 1.90040089E-02
550, 7.80000000E-01, 2.00000000E-01, 1.33281408E-03, 1.89809239E-02, 1.76481098E-02
551, 8.00000000E-01, 2.00000000E-01, 1.32339987E-03, 1.75028040E-02, 1.61794041E-02
552, 8.20000000E-01, 2.00000000E-01, 1.28594675E-03, 1.59556085E-02, 1.46696618E-02
553, 8.40000000E-01, 2.00000000E-01, 1.06526979E-03, 1.43454435E-02, 1.32801737E-02
554, 8.60000000E-01, 2.00000000E-01, 1.14044955E-03, 1.26786636E-02, 1.15382141E-02
555, 8.80000000E-01, 2.00000000E-01, 9.73697531E-04, 1.09618468E-02, 9.98814928E-03
556, 9.00000000E-01, 2.00000000E-01, 8.76108414E-04, 9.20176861E-03, 8.32566020E-03
557, 9.20000000E-01, 2.00000000E-01, 8.92993613E-04, 7.40537524E-03, 6.51238162E-03
558, 9.40000000E-01, 2.00000000E-01, 7.50768369E-04, 5.57975623E-03, 4.82898786E-03
559, 9.60000000E-01, 2.00000000E-01, 4.92154382E-04, 3.73211647E-03, 3.23996209E-03
560, 9.80000000E-01, 2.00000000E-01, 3.83884950E-04, 1.86974776E-03, 1.48586281E-03
561, 1.00000000E+00, 2.00000000E-01, 0.00000000E+00, 3.64669798E-18, 3.64669798E-18
562, 0.00000000E+00, 2.20000000E-01, 0.00000000E+00, 0.00000000E+00, 0.00000000E+00
563, 2.00000000E-02, 2.20000000E-01, 4.95396362E-04, 2.02764882E-03, 1.53225246E-03
564, 4.00000000E-02, 2.20000000E-01, 5.67720939E-04, 4.04729544E-03, 3.47957450E-03
565, 6.00000000E-02, 2.20000000E-01, 7.61133017E-04, 6.05096923E-03, 5.28983622E-03
566, 8.00000000E-02, 2.20000000E-01, 8.45998622E-04, 8.03076261E-03, 7.18476399E-03
567, 1.00000000E-01, 2.20000000E-01, 1.04937984E-03, 9.97886224E-03, 8.92948240E-03
568, 1.20000000E-01, 2.20000000E-01, 1.33644668E-03, 1.18875799E-02, 1.05511332E-02
569, 1.40000000E-01, 2.20000000E-01, 1.56884109E-03, 1.37493826E-02, 1.21805415E-02
570, 1.60000000E-01, 2.20000000E-01, 1.85890242E-03, 1.55569229E-02, 1.36980205E-02
571, 1.80000000E-01, 2.20000000E-01, 1.54120859E-03, 1.73030671E-02, 1.57618585E-02
572, 2.00000000E-01, 2.20000000E-01, 1.66355971E-03, 1.89809239E-02, 1.73173642E-02
573, 2.20000000E-01, 2.20000000E-01, 1.77255201E-03, 2.05838718E-02, 1.88113198E-02
574, 2.40000000E-01, 2.20000000E-01, 1.76328360E-03, 2.21055845E-02, 2.03423009E-02
575, 2.60000000E-01, 2.20000000E-01, 1.97215047E-03, 2.35400565E-02, 2.15679060E-02
576, 2.80000000E-01, 2.20000000E-01, 1.64514325E-03, 2.48816267E-02, 2.32364835E-02
577, 3.00000000E-01, 2.20000000E-01, 1.28731755E-03, 2.61250005E-02, 2.48376830E-02
578, 3.20000000E-01, 2.20000000E-01, 1.58951468E-03, 2.72652709E-02, 2.56757562E-02
579, 3.40000000E-01, 2.20000000E-01, 1.54872370E-03, 2.82979377E-02, 2.67492140E-02
580, 3.60000000E-01, 2.20000000E-01, 1.65079392E-03, 2.92189254E-02, 2.75681315E-02
581, 3.80000000E-01, 2.20000000E-01, 1.48930564E-03, 3.00245994E-02, 2.85352938E-02
582, 4.00000000E-01, 2.20000000E-01, 1.58800719E-03, 3.07117800E-02, 2.91237729E-02
583, 4.20000000E-01, 2.20000000E-01, 1.85063665E-03, 3.12777553E-02, 2.94271187E-02
584, 4.40000000E-01, 2.20000000E-01, 1.80516367E-03, 3.17202916E-02, 2.99151279E-02
585, 4.60000000E-01, 2.20000000E-01, 1.92615171E-03, 3.20376423E-02, 3.01114906E-02
586, 4.80000000E-01, 2.20000000E-01, 2.00551920E-03, 3.22285551E-02, 3.02230359E-02
587, 5.00000000E-01, 2.20000000E-01, 2.06831366E-03, 3.22922766E-02, 3.02239629E-02
588, 5.20000000E-01, 2.20000000E-01, 2.13689162E-03, 3.22285551E-02, 3.00916635E-02
589, 5.40000000E-01, 2.20000000E-01, 1.86555474E-03, 3.20376423E-02, 3.01720876E-02
590, 5.60000000E-01, 2.20000000E-01, 1.87803987E-03, 3.17202916E-02, 2.98422517E-02
591, 5.80000000E-01, 2.20000000E-01, 1.91035997E-03, 3.12777553E-02, 2.93673953E-02
592, 6.00000000E-01, 2.20000000E-01, 1.79147307E-03, 3.07117800E-02, 2.89203070E-02
593, 6.20000000E-01, 2.20000000E-01, 1.82967293E-03, 3.00245994E-02, 2.81949265E-02
594, 6.40000000E-01, 2.20000000E-01, 1.52192635E-03, 2.92189254E-02, 2.76969991E-02
595, 6.60000000E-01, 2.20000000E-01, 1.24982015E-03, 2.82979377E-02, 2.70481175E-02
596, 6.80000000E-01, 2.20000000E-01, 1.54524614E-03, 2.72652709E-02, 2.57200247E-02
597, 7.00000000E-01, 2.20000000E-01, 1.53017328E-03, 2.61250005E-02, 2.45948272E-02
598, 7.20000000E-01, 2.20000000E-01, 1.60081524E-03, 2.48816267E-02, 2.32808115E-02
599, 7.40000000E-01, 2.20000000E-01, 1.41959430E-03, 2.35400565E-02, 2.21204622E-02
600, 7.60000000E-01, 2.20000000E-01, 1.36164048E-03, 2.21055845E-02, 2.07439440E-02
601, 7.80000000E-01, 2.20000000E-01, 1.45072310E-03, 2.05838718E-02, 1.91331487E-02
602, 8.00000000E-01, 2.20000000E-01, 1.28934725E-03, 1.89809239E-02, 1.76915767E-02
603, 8.20000000E-01, 2.20000000E-01, 1.26127250E-03, 1.73030671E-02, 1.60417946E-02
604, 8.40000000E-01, 2.20000000E-01, 1.10861480E-03, 1.55569229E-02, 1.44483081E-02
605, 8.60000000E-01, 2.20000000E-01, 1.03269881E-03, 1.37493826E-02, 1.27166838E-02
606, 8.80000000E-01, 2.20000000E-01, 1.17846033E-03, 1.18875799E-02, 1.07091195E-02
607, 9.00000000E-01, 2.20000000E-01, 1.09153513E-03, 9.97886224E-03, 8.88732711E-03
608, 9.20000000E-01, 2.20000000E-01, 1.30266689E-03, 8.03076261E-03, 6.72809573E-03
609, 9.40000000E-01, 2.20000000E-01, 1.02478327E-03, 6.05096923E-03, 5.02618597E-03
610, 9.60000000E-01, 2.20000000E-01, 8.04640583E-04, 4.04729544E-03, 3.24265486E-03
611, 9.80000000E-01, 2.20000000E-01, 5.60209339E-04, 2.02764882E-03, 1.46743948E-03
612, 1.00000000E+00, 2.20000000E-01, 0.00000000E+00, 3.95466331E-18, 3.95466331E-18
613, 0.00000000E+00, 2.40000000E-01, 0.00000000E+00, 0.00000000E+00, 0.00000000E+00
614, 2.00000000E-02, 2.40000000E-01, 4.91867901E-04, 2.17754768E-03, 1.68567978E-03
615, 4.00000000E-02, 2.40000000E-01, 6.21609833E-04, 4.34650158E-03, 3.72489175E-03
616, 6.00000000E-02, 2.40000000E-01, 8.68659704E-04, 6.49830183E-03, 5.62964212E-03
617, 8.00000000E-02, 2.40000000E-01, 9.11952911E-04, 8.62445624E-03, 7.71250333E-03
618, 1.00000000E-01, 2.40000000E-01, 8.31294059E-04, 1.07165739E-02, 9.88527981E-03
619, 1.20000000E-01, 2.40000000E-01, 9.11011513E-04, 1.27663981E-02, 1.18553866E-02
620, 1.40000000E-01, 2.40000000E-01, 1.03286273E-03, 1.47658391E-02, 1.37329764E-02
621, 1.60000000E-01, 2.40000000E-01, 1.41773656E-03, 1.67070062E-02, 1.52892696E-02
622, 1.80000000E-01, 2.40000000E-01, 1.74679466E-03, 1.85822383E-02, 1.68354436E-02
623, 2.00000000E-01, 2.40000000E-01, 1.55241844E-03, 2.03841348E-02, 1.88317164E-02
624, 2.20000000E-01, 2.40000000E-01, 2.18386690E-03, 2.21055845E-02, 1.99217176E-02
625, 2.40000000E-01, 2.40000000E-01, 2.06252984E-03, 2.37397935E-02, 2.16772636E-02
626, 2.60000000E-01, 2.40000000E-01, 2.37181058E-03, 2.52803124E-02, 2.29085018E-02
627, 2.80000000E-01, 2.40000000E-01, 2.11300508E-03, 2.67210614E-02, 2.46080563E-02
628, 3.00000000E-01, 2.40000000E-01, 1.79574519E-03, 2.80563546E-02, 2.62606094E-02
629, 3.20000000E-01, 2.40000000E-01, 1.92354043E-03, 2.92809222E-02, 2.73573818E-02
630, 3.40000000E-01, 2.40000000E-01, 1.65672783E-03, 3.03899314E-02, 2.87332036E-02
631, 3.60000000E-01, 2.40000000E-01, 1.45788055E-03, 3.13790054E-02, 2.99211249E-02
632, 3.80000000E-01, 2.40000000E-01, 1.91637596E-03, 3.22442408E-02, 3.03278649E-02
633, 4.00000000E-01, 2.40000000E-01, 1.87374543E-03, 3.29822230E-02, 3.11084775E-02
634, 4.20000000E-01, 2.40000000E-01, 2.11898741E-03, 3.35900393E-02, 3.14710519E-02
635, 4.40000000E-01, 2.40000000E-01, 1.85756213E-03, 3.40652911E-02, 3.22077290E-02
636, 4.60000000E-01, 2.40000000E-01, 1.67944176E-03, 3.44061028E-02, 3.27266611E-02
637, 4.80000000E-01, 2.40000000E-01, 1.86745006E-03, 3.46111293E-02, 3.27436793E-02
638, 5.00000000E-01, 2.40000000E-01, 1.71425779E-03, 3.46795615E-02, 3.29653037E-02
639, 5.20000000E-01, 2.40000000E-01, 1.74232565E-03, 3.46111293E-02, 3.28688037E-02
640, 5.40000000E-01, 2.40000000E-01, 1.96688427E-03, 3.44061028E-02, 3.24392185E-02
641, 5.60000000E-01, 2.40000000E-01, 2.12549281E-03, 3.40652911E-02, 3.19397983E-02
642, 5.80000000E-01, 2.40000000E-01, 2.37752480E-03, 3.35900393E-02, 3.12125145E-02
643, 6.00000000E-01, 2.40000000E-01, 2.08717746E-03, 3.29822230E-02, 3.08950455E-02
644, 6.20000000E-01, 2.40000000E-01, 2.09335820E-03, 3.22442408E-02, 3.01508826E-02
645, 6.40000000E-01, 2.40000000E-01, 1.85270937E-03, 3.13790054E-02, 2.95262961E-02
646, 6.60000000E-01, 2.40000000E-01, 1.75915834E-03, 3.03899314E-02, 2.86307731E-02
647, 6.80000000E-01, 2.40000000E-01, 1.79284104E-03, 2.92809222E-02, 2.74880812E-02
648, 7.00000000E-01, 2.40000000E-01, 1.73341250E-03, 2.80563546E-02, 2.63229421E-02
649, 7.20000000E-01, 2.40000000E-01, 1.64662615E-03, 2.67210614E-02, 2.50744353E-02
650, 7.40000000E-01, 2.40000000E-01, 1.75282970E-03, 2.52803124E-02, 2.35274827E-02
651, 7.60000000E-01, 2.40000000E-01, 1.61828675E-03, 2.37397935E-02, 2.21215067E-02
652, 7.80000000E-01, 2.40000000E-01, 1.49207389E-03, 2.21055845E-02, 2.06135106E-02
653, 8.00000000E-01, 2.40000000E-01, 1.19797179E-03, 2.03841348E-02, 1.91861630E-02
654, 8.20000000E-01, 2.40000000E-01, 1.14269637E-03, 1.85822383E-02, 1.74395419E-02
655, 8.40000000E-01, 2.40000000E-01, 9.64546641E-04, 1.67070062E-02, 1.57424595E-02
656, 8.60000000E-01, 2.40000000E-01, 9.97414309E-04, 1.47658391E-02, 1.37684248E-02
657, 8.80000000E-01, 2.40000000E-01, 1.12900326E-03, 1.27663981E-02, 1.16373948E-02
658, 9.00000000E-01, 2.40000000E-01, 1.13824170E-03, 1.07165739E-02, 9.57833216E-03
659, 9.20000000E-01, 2.40000000E-01, 1.04634958E-03, 8.62445624E-03, 7.57810666E-03
660, 9.40000000E-01, 2.40000000E-01, 1.05457196E-03, 6.49830183E-03, 5.44372986E-03
661, 9.60000000E-01, 2.40000000E-01, 1.17324227E-03, 4.34650158E-03, 3.17325931E-03
662, 9.80000000E-01, 2.40000000E-01, 6.47217078E-04, 2.17754768E-03, 1.53033061E-03
663, 1.00000000E+00, 2.40000000E-01, 0.00000000E+00, 4.24702140E-18, 4.24702140E-18
664, 0.00000000E+00, 2.60000000E-01, 0.00000000E+00, 0.00000000E+00, 0.00000000E+00
665, 2.00000000E-02, 2.60000000E-01, 5.64987985E-04, 2.31885276E-03, 1.75386478E-03
666, 4.00000000E-02, 2.60000000E-01, 8.36420900E-04, 4.62855407E-03, 3.79213317E-03
667, 6.00000000E-02, 2.60000000E-01, 8.17233718E-04, 6.91998859E-03, 6.10275487E-03
668, 8.00000000E-02, 2.60000000E-01, 9.24314867E-04, 9.18411308E-03, 8.25979821E-03
669, 1.00000000E-01, 2.60000000E-01, 9.13580682E-04, 1.14119921E-02, 1.04984114E-02
670, 1.20000000E-01, 2.60000000E-01, 9.59629629E-04, 1.35948331E-02, 1.26352035E-02
671, 1.40000000E-01, 2.60000000E-01, 9.13722930E-04, 1.57240216E-02, 1.48102987E-02
672, 1.60000000E-01, 2.60000000E-01, 1.27475126E-03, 1.77911546E-02, 1.65164033E-02
673, 1.80000000E-01, 2.60000000E-01, 1.62305774E-03, 1.97880739E-02, 1.81650162E-02
674, 2.00000000E-01, 2.60000000E-01, 1.79578212E-03, 2.17068988E-02, 1.99111167E-02
675, 2.20000000E-01, 2.60000000E-01, 1.87092953E-03, 2.35400565E-02, 2.16691270E-02
676, 2.40000000E-01, 2.60000000E-01, 2.21464735E-03, 2.52803124E-02, 2.30656650E-02
677, 2.60000000E-01, 2.60000000E-01, 2.64416235E-03, 2.69207984E-02, 2.42766360E-02
678, 2.80000000E-01, 2.60000000E-01, 2.23795602E-03, 2.84550403E-02, 2.62170842E-02
679, 3.00000000E-01, 2.60000000E-01, 1.74621638E-03, 2.98769831E-02, 2.81307667E-02
680, 3.20000000E-01, 2.60000000E-01, 1.74286196E-03, 3.11810152E-02, 2.94381532E-02
681, 3.40000000E-01, 2.60000000E-01, 1.98140361E-03, 3.23619900E-02, 3.03805864E-02
682, 3.60000000E-01, 2.60000000E-01, 2.12706958E-03, 3.34152468E-02, 3.12881773E-02
683, 3.80000000E-01, 2.60000000E-01, 2.12185118E-03, 3.43366290E-02, 3.22147778E-02
684, 4.00000000E-01, 2.60000000E-01, 2.11954992E-03, 3.51225001E-02, 3.30029502E-02
685, 4.20000000E-01, 2.60000000E-01, 2.31793635E-03, 3.57697588E-02, 3.34518224E-02
686, 4.40000000E-01, 2.60000000E-01, 2.17549344E-03, 3.62758506E-02, 3.41003571E-02
687, 4.60000000E-01, 2.60000000E-01, 1.62390032E-03, 3.66387781E-02, 3.50148778E-02
688, 4.80000000E-01, 2.60000000E-01, 1.65029007E-03, 3.68571092E-02, 3.52068191E-02
689, 5.00000000E-01, 2.60000000E-01, 1.73109138E-03, 3.69299821E-02, 3.51988907E-02
690, 5.20000000E-01, 2.60000000E-01, 1.92925799E-03, 3.68571092E-02, 3.49278512E-02
691, 5.40000000E-01, 2.60000000E-01, 2.03700174E-03, 3.66387781E-02, 3.46017764E-02
692, 5.60000000E-01, 2.60000000E-01, 2.13281820E-03, 3.62758506E-02, 3.41430324E-02
693, 5.80000000E-01, 2.60000000E-01, 2.37106659E-03, 3.57697588E-02, 3.33986922E-02
694, 6.00000000E-01, 2.60000000E-01, 2.07046031E-03, 3.51225001E-02, 3.30520398E-02
695, 6.20000000E-01, 2.60000000E-01, 1.85534914E-03, 3.43366290E-02, 3.24812798E-02
696, 6.40000000E-01, 2.60000000E-01, 1.86900659E-03, 3.34152468E-02, 3.15462402E-02
697, 6.60000000E-01, 2.60000000E-01, 1.91930597E-03, 3.23619900E-02, 3.04426840E-02
698, 6.80000000E-01, 2.60000000E-01, 2.16522441E-03, 3.11810152E-02, 2.90157908E-02
699, 7.00000000E-01, 2.60000000E-01, 1.96681022E-03, 2.98769831E-02, 2.79101729E-02
700, 7.20000000E-01, 2.60000000E-01, 1.79677302E-03, 2.84550403E-02, 2.66582672E-02
701, 7.40000000E-01, 2.60000000E-01, 1.89782196E-03, 2.69207984E-02, 2.50229764E-02
702, 7.60000000E-01, 2.60000000E-01, 1.82679164E-03, 2.52803124E-02, 2.34535207E-02
703, 7.80000000E-01, 2.60000000E-01, 1.31296987E-03, 2.35400565E-02, 2.22270867E-02
704, 8.00000000E-01, 2.60000000E-01, 1.12295086E-03, 2.17068988E-02, 2.05839480E-02
705, 8.20000000E-01, 2.60000000E-01, 1.00241537E-03, 1.97880739E-02, 1.87856586E-02
706, 8.40000000E-01, 2.60000000E-01, 9.81931263E-04, 1.77911546E-02, 1.68092233E-02
707, 8.60000000E-01, 2.60000000E-01, 9.59387473E-04, 1.57240216E-02, 1.47646341E-02
708, 8.80000000E-01, 2.60000000E-01, 1.09793293E-03, 1.35948331E-02, 1.24969002E-02
709, 9.00000000E-01, 2.60000000E-01, 1.34676088E-03, 1.14119921E-02, 1.00652312E-02
710, 9.20000000E-01, 2.60000000E-01, 1.10711575E-03, 9.18411308E-03, 8.07699733E-03
711, 9.40000000E-01, 2.60000000E-01, 8.77120873E-04, 6.91998859E-03, 6.04286772E-03
712, 9.60000000E-01, 2.60000000E-01, 7.39930230E-04, 4.62855407E-03, 3.88862384E-03
713, 9.80000000E-01, 2.60000000E-01, 6.51264257E-04, 2.31885276E-03, 1.66758850E-03
714, 1.00000000E+00, 2.60000000E-01, 0.00000000E+00, 4.52261844E-18, 4.52261844E-18
715, 0.00000000E+00, 2.80000000E-01, 0.00000000E+00, 0.00000000E+00, 0.00000000E+00
716, 2.00000000E-02, 2.80000000E-01, 4.13484204E-04, 2.45100639E-03, 2.03752218E-03
717, 4.00000000E-02, 2.80000000E-01, 7.56716030E-04, 4.89233977E-03, 4.13562374E-03
718, 6.00000000E-02, 2.80000000E-01, 9.19970277E-04, 7.31436532E-03, 6.39439504E-03
719, 8.00000000E-02, 2.80000000E-01, 8.93839028E-04, 9.70752442E-03, 8.81368539E-03
720, 1.00000000E-01, 2.80000000E-01, 9.89051744E-04, 1.20623723E-02, 1.10733206E-02
721, 1.20000000E-01, 2.80000000E-01, 1.11811849E-03, 1.43696156E-02, 1.32514971E-02
722, 1.40000000E-01, 2.80000000E-01, 1.33119516E-03, 1.66201486E-02, 1.52889534E-02
723, 1.60000000E-01, 2.80000000E-01, 1.60523835E-03, 1.88050894E-02, 1.71998510E-02
724, 1.80000000E-01, 2.80000000E-01, 1.89433743E-03, 2.09158151E-02, 1.90214777E-02
725, 2.00000000E-01, 2.80000000E-01, 2.37542647E-03, 2.29439956E-02, 2.05685692E-02
726, 2.20000000E-01, 2.80000000E-01, 1.88183456E-03, 2.48816267E-02, 2.29997922E-02
727, 2.40000000E-01, 2.80000000E-01, 1.71922140E-03, 2.67210614E-02, 2.50018400E-02
728, 2.60000000E-01, 2.80000000E-01, 1.85120368E-03, 2.84550403E-02, 2.66038366E-02
729, 2.80000000E-01, 2.80000000E-01, 2.14099176E-03, 3.00767201E-02, 2.79357283E-02
730, 3.00000000E-01, 2.80000000E-01, 2.11416420E-03, 3.15797008E-02, 2.94655366E-02
731, 3.20000000E-01, 2.80000000E-01, 1.98463993E-03, 3.29580509E-02, 3.09734109E-02
732, 3.40000000E-01, 2.80000000E-01, 1.94481250E-03, 3.42063306E-02, 3.22615181E-02
733, 3.60000000E-01, 2.80000000E-01, 2.23021544E-03, 3.53196135E-02, 3.30893981E-02
734, 3.80000000E-01, 2.80000000E-01, 2.24500343E-03, 3.62935061E-02, 3.40485027E-02
735, 4.00000000E-01, 2.80000000E-01, 1.73644389E-03, 3.71241648E-02, 3.53877209E-02
736, 4.20000000E-01, 2.80000000E-01, 1.81222856E-03, 3.78083114E-02, 3.59960828E-02
737, 4.40000000E-01, 2.80000000E-01, 1.87198352E-03, 3.83432458E-02, 3.64712623E-02
738, 4.60000000E-01, 2.80000000E-01, 1.99165406E-03, 3.87268570E-02, 3.67352029E-02
739, 4.80000000E-01, 2.80000000E-01, 2.18375805E-03, 3.89576309E-02, 3.67738729E-02
740, 5.00000000E-01, 2.80000000E-01, 2.42866125E-03, 3.90346569E-02, 3.66059956E-02
741, 5.20000000E-01, 2.80000000E-01, 2.36722234E-03, 3.89576309E-02, 3.65904086E-02
742, 5.40000000E-01, 2.80000000E-01, 1.99601164E-03, 3.87268570E-02, 3.67308453E-02
743, 5.60000000E-01, 2.80000000E-01, 1.97344785E-03, 3.83432458E-02, 3.63697979E-02
744, 5.80000000E-01, 2.80000000E-01, 2.05047267E-03, 3.78083114E-02, 3.57578387E-02
745, 6.00000000E-01, 2.80000000E-01, 2.27168148E-03, 3.71241648E-02, 3.48524833E-02
746, 6.20000000E-01, 2.80000000E-01, 2.55799213E-03, 3.62935061E-02, 3.37355140E-02
747, 6.40000000E-01, 2.80000000E-01, 2.26968504E-03, 3.53196135E-02, 3.30499285E-02
748, 6.60000000E-01, 2.80000000E-01, 2.07057858E-03, 3.42063306E-02, 3.21357520E-02
749, 6.80000000E-01, 2.80000000E-01, 2.25183628E-03, 3.29580509E-02, 3.07062146E-02
750, 7.00000000E-01, 2.80000000E-01, 2.01254351E-03, 3.15797008E-02, 2.95671573E-02
751, 7.20000000E-01, 2.80000000E-01, 1.33238356E-03, 3.00767201E-02, 2.87443365E-02
752, 7.40000000E-01, 2.80000000E-01, 1.36884948E-03, 2.84550403E-02, 2.70861908E-02
753, 7.60000000E-01, 2.80000000E-01, 1.33475996E-03, 2.67210614E-02, 2.53863014E-02
754, 7.80000000E-01, 2.80000000E-01, 1.27253111E-03, 2.48816267E-02, 2.36090956E-02
755, 8.00000000E-01, 2.80000000E-01, 1.29491589E-03, 2.29439956E-02, 2.16490798E-02
756, 8.20000000E-01, 2.80000000E-01, 1.32426448E-03, 2.09158151E-02, 1.95915506E-02
757, 8.40000000E-01, 2.80000000E-01, 1.24197010E-03, 1.88050894E-02, 1.75631193E-02
758, 8.60000000E-01, 2.80000000E-01, 1.06179298E-03, 1.66201486E-02, 1.55583556E-02
759, 8.80000000E-01, 2.80000000E-01, 1.04978819E-03, 1.43696156E-02, 1.33198274E-02
760, 9.00000000E-01, 2.80000000E-01, 1.10463771E-03, 1.20623723E-02, 1.09577346E-02
761, 9.20000000E-01, 2.80000000E-01, 1.17530742E-03, 9.70752442E-03, 8.53221699E-03
762, 9.40000000E-01, 2.80000000E-01, 1.21184480E-03, 7.31436532E-03, 6.10252052E-03
763, 9.60000000E-01, 2.80000000E-01, 8.17733662E-04, 4.89233977E-03, 4.07460611E-03
764, 9.80000000E-01, 2.80000000E-01, 3.88070448E-04, 2.45100639E-03, 2.06293594E-03
765, 1.00000000E+00, 2.80000000E-01, 0.00000000E+00, 4.78036676E-18, 4.78036676E-18
766, 0.00000000E+00, 3.00000000E-01, 0.00000000E+00, 0.00000000E+00, 0.00000000E+00
767, 2.00000000E-02, 3.00000000E-01, 4.37914196E-04, 2.57348701E-03, 2.13557281E-03
768, 4.00000000E-02, 3.00000000E-01, 7.49311542E-04, 5.13681764E-03, 4.38750610E-03
769, 6.00000000E-02, 3.00000000E-01, 9.95612032E-04, 7.67987559E-03, 6.68426356E-03
770, 8.00000000E-02, 3.00000000E-01, 1.18576893E-03, 1.01926246E-02, 9.00685566E-03
771, 1.00000000E-01, 3.00000000E-01, 1.46374172E-03, 1.26651480E-02, 1.12014062E-02
772, 1.20000000E-01, 3.00000000E-01, 1.77758896E-03, 1.50876878E-02, 1.33100988E-02
773, 1.40000000E-01, 3.00000000E-01, 1.80549406E-03, 1.74506834E-02, 1.56451893E-02
774, 1.60000000E-01, 3.00000000E-01, 1.47010418E-03, 1.97448091E-02, 1.82747049E-02
775, 1.80000000E-01, 3.00000000E-01, 1.48987293E-03, 2.19610111E-02, 2.04711382E-02
776, 2.00000000E-01, 3.00000000E-01, 1.67455227E-03, 2.40905430E-02, 2.24159907E-02
777, 2.20000000E-01, 3.00000000E-01, 1.99591928E-03, 2.61250005E-02, 2.41290812E-02
778, 2.40000000E-01, 3.00000000E-01, 2.12138557E-03, 2.80563546E-02, 2.59349690E-02
779, 2.60000000E-01, 3.00000000E-01, 2.00665727E-03, 2.98769831E-02, 2.78703258E-02
780, 2.80000000E-01, 3.00000000E-01, 2.03115618E-03, 3.15797008E-02, 2.95485446E-02
781, 3.00000000E-01, 3.00000000E-01, 2.26380049E-03, 3.31577878E-02, 3.08939873E-02
782, 3.20000000E-01, 3.00000000E-01, 2.00272990E-03, 3.46050162E-02, 3.26022863E-02
783, 3.40000000E-01, 3.00000000E-01, 1.48405498E-03, 3.59156744E-02, 3.44316194E-02
784, 3.60000000E-01, 3.00000000E-01, 1.81423833E-03, 3.70845899E-02, 3.52703515E-02
785, 3.80000000E-01, 3.00000000E-01, 1.96404888E-03, 3.81071494E-02, 3.61431005E-02
786, 4.00000000E-01, 3.00000000E-01, 2.02921154E-03, 3.89793174E-02, 3.69501058E-02
787, 4.20000000E-01, 3.00000000E-01, 2.24021847E-03, 3.96976518E-02, 3.74574333E-02
788, 4.40000000E-01, 3.00000000E-01, 2.58284520E-03, 4.02593177E-02, 3.76764725E-02
789, 4.60000000E-01, 3.00000000E-01, 2.55208308E-03, 4.06620986E-02, 3.81100155E-02
790, 4.80000000E-01, 3.00000000E-01, 2.21033134E-03, 4.09044046E-02, 3.86940733E-02
791, 5.00000000E-01, 3.00000000E-01, 2.18589997E-03, 4.09852797E-02, 3.87993798E-02
792, 5.20000000E-01, 3.00000000E-01, 2.27923888E-03, 4.09044046E-02, 3.86251658E-02
793, 5.40000000E-01, 3.00000000E-01, 2.53705613E-03, 4.06620986E-02, 3.81250424E-02
794, 5.60000000E-01, 3.00000000E-01, 2.87975237E-03, 4.02593177E-02, 3.73795654E-02
795, 5.80000000E-01, 3.00000000E-01, 2.61380665E-03, 3.96976518E-02, 3.70838451E-02
796, 6.00000000E-01, 3.00000000E-01, 2.46532231E-03, 3.89793174E-02, 3.65139950E-02
797, 6.20000000E-01, 3.00000000E-01, 2.68890330E-03, 3.81071494E-02, 3.54182461E-02
798, 6.40000000E-01, 3.00000000E-01, 2.28086786E-03, 3.70845899E-02, 3.48037220E-02
799, 6.60000000E-01, 3.00000000E-01, 1.47792337E-03, 3.59156744E-02, 3.44377510E-02
800, 6.80000000E-01, 3.00000000E-01, 1.62244774E-03, 3.46050162E-02, 3.29825685E-02
801, 7.00000000E-01, 3.00000000E-01, 1.69630634E-03, 3.31577878E-02, 3.14614815E-02
802, 7.20000000E-01, 3.00000000E-01, 1.61439403E-03, 3.15797008E-02, 2.99653068E-02
803, 7.40000000E-01, 3.00000000E-01, 1.58320153E-03, 2.98769831E-02, 2.82937816E-02
804, 7.60000000E-01, 3.00000000E-01, 1.65667722E-03, 2.80563546E-02, 2.63996774E-02
805, 7.80000000E-01, 3.00000000E-01, 1.44071846E-03, 2.61250005E-02, 2.46842821E-02
806, 8.00000000E-01, 3.00000000E-01, 1.36845853E-03, 2.40905430E-02, 2.27220845E-02
807, 8.20000000E-01, 3.00000000E-01, 1.36430391E-03, 2.19610111E-02, 2.05967072E-02
808, 8.40000000E-01, 3.00000000E-01, 1.41028907E-03, 1.97448091E-02, 1.83345200E-02
809, 8.60000000E-01, 3.00000000E-01, 1.39321815E-03, 1.74506834E-02, 1.60574652E-02
810, 8.80000000E-01, 3.00000000E-01, 1.67273279E-03, 1.50876878E-02, 1.34149550E-02
811, 9.00000000E-01, 3.00000000E-01, 1.41400017E-03, 1.26651480E-02, 1.12511478E-02
812, 9.20000000E-01, 3.00000000E-01, 1.20112687E-03, 1.01926246E-02, 8.99149772E-03
813, 9.40000000E-01, 3.00000000E-01, 1.18583170E-03, 7.67987559E-03, 6.49404390E-03
814, 9.60000000E-01, 3.00000000E-01, 9.54131998E-04, 5.13681764E-03, 4.18268564E-03
815, 9.80000000E-01, 3.00000000E-01, 3.36470243E-04, 2.57348701E-03, 2.23701676E-03
816, 1.00000000E+00, 3.00000000E-01, 0.00000000E+00, 5.01924916E-18, 5.01924916E-18
817, 0.00000000E+00, 3.20000000E-01, 0.00000000E+00, 0.00000000E+00, 0.00000000E+00
818, 2.00000000E-02, 3.20000000E-01, 6.09133820E-04, 2.68581125E-03, 2.07667743E-03
819, 4.00000000E-02, 3.20000000E-01, 1.16162227E-03, 5.36102283E-03, 4.19940056E-03
820, 6.00000000E-02, 3.20000000E-01, 1.73205310E-03, 8.01507691E-03, 6.28302381E-03
821, 8.00000000E-02, 3.20000000E-01, 1.55078157E-03, 1.06374991E-02, 9.08671757E-03
822, 1.00000000E-01, 3.20000000E-01, 1.26188718E-03, 1.32179400E-02, 1.19560528E-02
823, 1.20000000E-01, 3.20000000E-01, 1.24020687E-03, 1.57462157E-02, 1.45060088E-02
824, 1.40000000E-01, 3.20000000E-01, 1.48503526E-03, 1.82123483E-02, 1.67273130E-02
825, 1.60000000E-01, 3.20000000E-01, 1.82400884E-03, 2.06066051E-02, 1.87825962E-02
826, 1.80000000E-01, 3.20000000E-01, 1.88536861E-03, 2.29195370E-02, 2.10341684E-02
827, 2.00000000E-01, 3.20000000E-01, 1.83473678E-03, 2.51420160E-02, 2.33072792E-02
828, 2.20000000E-01, 3.20000000E-01, 1.86663468E-03, 2.72652709E-02, 2.53986362E-02
829, 2.40000000E-01, 3.20000000E-01, 2.30762037E-03, 2.92809222E-02, 2.69733019E-02
830, 2.60000000E-01, 3.20000000E-01, 1.89346568E-03, 3.11810152E-02, 2.92875495E-02
831, 2.80000000E-01, 3.20000000E-01, 1.60526914E-03, 3.29580509E-02, 3.13527817E-02
832, 3.00000000E-01, 3.20000000E-01, 1.90597448E-03, 3.46050162E-02, 3.26990417E-02
833, 3.20000000E-01, 3.20000000E-01, 2.05761572E-03, 3.61154114E-02, 3.40577956E-02
834, 3.40000000E-01, 3.20000000E-01, 2.10532433E-03, 3.74832755E-02, 3.53779512E-02
835, 3.60000000E-01, 3.20000000E-01, 2.42106529E-03, 3.87032102E-02, 3.62821449E-02
836, 3.80000000E-01, 3.20000000E-01, 2.87478307E-03, 3.97704011E-02, 3.68956180E-02
837, 4.00000000E-01, 3.20000000E-01, 2.51862903E-03, 4.06806364E-02, 3.81620073E-02
838, 4.20000000E-01, 3.20000000E-01, 2.17959029E-03, 4.14303237E-02, 3.92507334E-02
839, 4.40000000E-01, 3.20000000E-01, 2.11105365E-03, 4.20165046E-02, 3.99054509E-02
840, 4.60000000E-01, 3.20000000E-01, 2.43176262E-03, 4.24368654E-02, 4.00051028E-02
841, 4.80000000E-01, 3.20000000E-01, 2.95806681E-03, 4.26897474E-02, 3.97316806E-02
842, 5.00000000E-01, 3.20000000E-01, 3.23458969E-03, 4.27741524E-02, 3.95395627E-02
843, 5.20000000E-01, 3.20000000E-01, 2.88481216E-03, 4.26897474E-02, 3.98049352E-02
844, 5.40000000E-01, 3.20000000E-01, 2.69282272E-03, 4.24368654E-02, 3.97440427E-02
845, 5.60000000E-01, 3.20000000E-01, 3.15191892E-03, 4.20165046E-02, 3.88645856E-02
846, 5.80000000E-01, 3.20000000E-01, 2.63598196E-03, 4.14303237E-02, 3.87943418E-02
847, 6.00000000E-01, 3.20000000E-01, 1.88744933E-03, 4.06806364E-02, 3.87931870E-02
848, 6.20000000E-01, 3.20000000E-01, 1.98777302E-03, 3.97704011E-02, 3.77826281E-02
849, 6.40000000E-01, 3.20000000E-01, 1.97125697E-03, 3.87032102E-02, 3.67319533E-02
850, 6.60000000E-01, 3.20000000E-01, 1.91156488E-03, 3.74832755E-02, 3.55717106E-02
851, 6.80000000E-01, 3.20000000E-01, 2.06786492E-03, 3.61154114E-02, 3.40475464E-02
852, 7.00000000E-01, 3.20000000E-01, 2.33428425E-03, 3.46050162E-02, 3.22707320E-02
853, 7.20000000E-01, 3.20000000E-01, 2.13910440E-03, 3.29580509E-02, 3.08189465E-02
854, 7.40000000E-01, 3.20000000E-01, 1.66059173E-03, 3.11810152E-02, 2.95204234E-02
855, 7.60000000E-01, 3.20000000E-01, 1.43012350E-03, 2.92809222E-02, 2.78507987E-02
856, 7.80000000E-01, 3.20000000E-01, 1.57568070E-03, 2.72652709E-02, 2.56895902E-02
857, 8.00000000E-01, 3.20000000E-01, 1.95153621E-03, 2.51420160E-02, 2.31904797E-02
858, 8.20000000E-01, 3.20000000E-01, 2.28885132E-03, 2.29195370E-02, 2.06306857E-02
859, 8.40000000E-01, 3.20000000E-01, 2.03184865E-03, 2.06066051E-02, 1.85747564E-02
860, 8.60000000E-01, 3.20000000E-01, 1.64908834E-03, 1.82123483E-02, 1.65632600E-02
861, 8.80000000E-01, 3.20000000E-01, 1.82932913E-03, 1.57462157E-02, 1.39168866E-02
862, 9.00000000E-01, 3.20000000E-01, 1.70770652E-03, 1.32179400E-02, 1.15102335E-02
863, 9.20000000E-01, 3.20000000E-01, 1.27655704E-03, 1.06374991E-02, 9.36094209E-03
864, 9.40000000E-01, 3.20000000E-01, 9.25282439E-04, 8.01507691E-03, 7.08979447E-03
865, 9.60000000E-01, 3.20000000E-01, 6.92960619E-04, 5.36102283E-03, 4.66806221E-03
866, 9.80000000E-01, 3.20000000E-01, 3.78470365E-04, 2.68581125E-03, 2.30734089E-03
867, 1.00000000E+00, 3.20000000E-01, 0.00000000E+00, 5.23832288E-18, 5.23832288E-18
868, 0.00000000E+00, 3.40000000E-01, 0.00000000E+00, 0.00000000E+00, 0.00000000E+00
869, 2.00000000E-02, 3.40000000E-01, 8.10085308E-04, 2.78753583E-03, 1.97745052E-03
870, 4.00000000E-02, 3.40000000E-01, 8.52072784E-04, 5.56407052E-03, 4.71199774E-03
871, 6.00000000E-02, 3.40000000E-01, 1.09880085E-03, 8.31864637E-03, 7.21984552E-03
872, 8.00000000E-02, 3.40000000E-01, 1.45174432E-03, 1.10403923E-02, 9.58864801E-03
873, 1.00000000E-01, 3.40000000E-01, 1.60145391E-03, 1.37185669E-02, 1.21171130E-02
874, 1.20000000E-01, 3.40000000E-01, 1.55142858E-03, 1.63426005E-02, 1.47911720E-02
875, 1.40000000E-01, 3.40000000E-01, 1.49971949E-03, 1.89021374E-02, 1.74024179E-02
876, 1.60000000E-01, 3.40000000E-01, 1.67552129E-03, 2.13870762E-02, 1.97115549E-02
877, 1.80000000E-01, 3.40000000E-01, 2.00032651E-03, 2.37876100E-02, 2.17872834E-02
878, 2.00000000E-01, 3.40000000E-01, 1.64568701E-03, 2.60942649E-02, 2.44485779E-02
879, 2.20000000E-01, 3.40000000E-01, 1.56101762E-03, 2.82979377E-02, 2.67369200E-02
880, 2.40000000E-01, 3.40000000E-01, 1.73022855E-03, 3.03899314E-02, 2.86597029E-02
881, 2.60000000E-01, 3.40000000E-01, 1.90361278E-03, 3.23619900E-02, 3.04583772E-02
882, 2.80000000E-01, 3.40000000E-01, 2.26477887E-03, 3.42063306E-02, 3.19415517E-02
883, 3.00000000E-01, 3.40000000E-01, 2.92061186E-03, 3.59156744E-02, 3.29950625E-02
884, 3.20000000E-01, 3.40000000E-01, 3.18975478E-03, 3.74832755E-02, 3.42935207E-02
885, 3.40000000E-01, 3.40000000E-01, 2.64359480E-03, 3.89029472E-02, 3.62593524E-02
886, 3.60000000E-01, 3.40000000E-01, 2.26924175E-03, 4.01690867E-02, 3.78998450E-02
887, 3.80000000E-01, 3.40000000E-01, 2.27233369E-03, 4.12766972E-02, 3.90043636E-02
888, 4.00000000E-01, 3.40000000E-01, 2.49653862E-03, 4.22214075E-02, 3.97248689E-02
889, 4.20000000E-01, 3.40000000E-01, 2.82858346E-03, 4.29994891E-02, 4.01709057E-02
890, 4.40000000E-01, 3.40000000E-01, 2.84477942E-03, 4.36078714E-02, 4.07630920E-02
891, 4.60000000E-01, 3.40000000E-01, 2.81422479E-03, 4.40441534E-02, 4.12299286E-02
892, 4.80000000E-01, 3.40000000E-01, 3.07987742E-03, 4.43066132E-02, 4.12267358E-02
893, 5.00000000E-01, 3.40000000E-01, 3.62143393E-03, 4.43942150E-02, 4.07727811E-02
894, 5.20000000E-01, 3.40000000E-01, 3.02260787E-03, 4.43066132E-02, 4.12840053E-02
895, 5.40000000E-01, 3.40000000E-01, 2.38406157E-03, 4.40441534E-02, 4.16600918E-02
896, 5.60000000E-01, 3.40000000E-01, 2.37048496E-03, 4.36078714E-02, 4.12373865E-02
897, 5.80000000E-01, 3.40000000E-01, 2.40660908E-03, 4.29994891E-02, 4.05928800E-02
898, 6.00000000E-01, 3.40000000E-01, 2.48805291E-03, 4.22214075E-02, 3.97333546E-02
899, 6.20000000E-01, 3.40000000E-01, 2.71338645E-03, 4.12766972E-02, 3.85633108E-02
900, 6.40000000E-01, 3.40000000E-01, 2.62923046E-03, 4.01690867E-02, 3.75398563E-02
901, 6.60000000E-01, 3.40000000E-01, 2.36456261E-03, 3.89029472E-02, 3.65383846E-02
902, 6.80000000E-01, 3.40000000E-01, 2.06937067E-03, 3.74832755E-02, 3.54139048E-02
903, 7.00000000E-01, 3.40000000E-01, 2.35053195E-03, 3.59156744E-02, 3.35651425E-02
904, 7.20000000E-01, 3.40000000E-01, 2.58660131E-03, 3.42063306E-02, 3.16197293E-02
905, 7.40000000E-01, 3.40000000E-01, 2.18027689E-03, 3.23619900E-02, 3.01817131E-02
906, 7.60000000E-01, 3.40000000E-01, 1.85180170E-03, 3.03899314E-02, 2.85381297E-02
907, 7.80000000E-01, 3.40000000E-01, 1.95369086E-03, 2.82979377E-02, 2.63442468E-02
908, 8.00000000E-01, 3.40000000E-01, 2.29770035E-03, 2.60942649E-02, 2.37965645E-02
909, 8.20000000E-01, 3.40000000E-01, 2.30446733E-03, 2.37876100E-02, 2.14831426E-02
910, 8.40000000E-01, 3.40000000E-01, 2.09295238E-03, 2.13870762E-02, 1.92941238E-02
911, 8.60000000E-01, 3.40000000E-01, 1.46045164E-03, 1.89021374E-02, 1.74416858E-02
912, 8.80000000E-01, 3.40000000E-01, 1.39836299E-03, 1.63426005E-02, 1.49442376E-02
913, 9.00000000E-01, 3.40000000E-01, 1.53950026E-03, 1.37185669E-02, 1.21790666E-02
914, 9.20000000E-01, 3.40000000E-01, 1.33385199E-03, 1.10403923E-02, 9.70654033E-03
915, 9.40000000E-01, 3.40000000E-01, 1.07768879E-03, 8.31864637E-03, 7.24095758E-03
916, 9.60000000E-01, 3.40000000E-01, 8.16004348E-04, 5.56407052E-03, 4.74806617E-03
917, 9.80000000E-01, 3.40000000E-01, 6.23291599E-04, 2.78753583E-03, 2.16424423E-03
918, 1.00000000E+00, 3.40000000E-01, 0.00000000E+00, 5.43672333E-18, 5.43672333E-18
919, 0.00000000E+00, 3.60000000E-01, 0.00000000E+00, 0.00000000E+00, 0.00000000E+00
920, 2.00000000E-02, 3.60000000E-01, 7.71060939E-04, 2.87825927E-03, 2.10719833E-03
921, 4.00000000E-02, 3.60000000E-01, 9.85205876E-04, 5.74515936E-03, 4.75995349E-03
922, 6.00000000E-02, 3.60000000E-01, 1.39290582E-03, 8.58938594E-03, 7.19648012E-03
923, 8.00000000E-02, 3.60000000E-01, 1.57980363E-03, 1.13997141E-02, 9.81991050E-03
924, 1.00000000E-01, 3.60000000E-01, 1.46774000E-03, 1.41650529E-02, 1.26973129E-02
925, 1.20000000E-01, 3.60000000E-01, 1.39454716E-03, 1.68744886E-02, 1.54799414E-02
926, 1.40000000E-01, 3.60000000E-01, 1.37174389E-03, 1.95173284E-02, 1.81455846E-02
927, 1.60000000E-01, 3.60000000E-01, 1.58215166E-03, 2.20831423E-02, 2.05009906E-02
928, 1.80000000E-01, 3.60000000E-01, 2.08558282E-03, 2.45618041E-02, 2.24762213E-02
929, 2.00000000E-01, 3.60000000E-01, 2.23783641E-03, 2.69435317E-02, 2.47056953E-02
930, 2.20000000E-01, 3.60000000E-01, 2.06244224E-03, 2.92189254E-02, 2.71564832E-02
931, 2.40000000E-01, 3.60000000E-01, 2.45589633E-03, 3.13790054E-02, 2.89231091E-02
932, 2.60000000E-01, 3.60000000E-01, 2.29661329E-03, 3.34152468E-02, 3.11186335E-02
933, 2.80000000E-01, 3.60000000E-01, 2.74972159E-03, 3.53196135E-02, 3.25698919E-02
934, 3.00000000E-01, 3.60000000E-01, 2.79293125E-03, 3.70845899E-02, 3.42916586E-02
935, 3.20000000E-01, 3.60000000E-01, 2.42606769E-03, 3.87032102E-02, 3.62771425E-02
936, 3.40000000E-01, 3.60000000E-01, 2.76924117E-03, 4.01690867E-02, 3.73998456E-02
937, 3.60000000E-01, 3.60000000E-01, 2.85938361E-03, 4.14764342E-02, 3.86170506E-02
938, 3.80000000E-01, 3.60000000E-01, 2.47298544E-03, 4.26200931E-02, 4.01471077E-02
939, 4.00000000E-01, 3.60000000E-01, 2.33880876E-03, 4.35955500E-02, 4.12567412E-02
940, 4.20000000E-01, 3.60000000E-01, 2.41301686E-03, 4.43989552E-02, 4.19859383E-02
941, 4.40000000E-01, 3.60000000E-01, 2.75638958E-03, 4.50271379E-02, 4.22707484E-02
942, 4.60000000E-01, 3.60000000E-01, 3.10418711E-03, 4.54776192E-02, 4.23734321E-02
943, 4.80000000E-01, 3.60000000E-01, 3.19480695E-03, 4.57486210E-02, 4.25538141E-02
944, 5.00000000E-01, 3.60000000E-01, 2.94711411E-03, 4.58390740E-02, 4.28919599E-02
945, 5.20000000E-01, 3.60000000E-01, 3.01729200E-03, 4.57486210E-02, 4.27313290E-02
946, 5.40000000E-01, 3.60000000E-01, 2.85099912E-03, 4.54776192E-02, 4.26266201E-02
947, 5.60000000E-01, 3.60000000E-01, 3.17825876E-03, 4.50271379E-02, 4.18488792E-02
948, 5.80000000E-01, 3.60000000E-01, 2.88358241E-03, 4.43989552E-02, 4.15153728E-02
949, 6.00000000E-01, 3.60000000E-01, 2.52087273E-03, 4.35955500E-02, 4.10746773E-02
950, 6.20000000E-01, 3.60000000E-01, 2.93095640E-03, 4.26200931E-02, 3.96891367E-02
951, 6.40000000E-01, 3.60000000E-01, 2.98439806E-03, 4.14764342E-02, 3.84920361E-02
952, 6.60000000E-01, 3.60000000E-01, 2.41209947E-03, 4.01690867E-02, 3.77569873E-02
953, 6.80000000E-01, 3.60000000E-01, 2.13765763E-03, 3.87032102E-02, 3.65655526E-02
954, 7.00000000E-01, 3.60000000E-01, 2.20730442E-03, 3.70845899E-02, 3.48772854E-02
955, 7.20000000E-01, 3.60000000E-01, 2.36134925E-03, 3.53196135E-02, 3.29582643E-02
956, 7.40000000E-01, 3.60000000E-01, 2.29680839E-03, 3.34152468E-02, 3.11184384E-02
957, 7.60000000E-01, 3.60000000E-01, 2.15221847E-03, 3.13790054E-02, 2.92267870E-02
958, 7.80000000E-01, 3.60000000E-01, 1.91086284E-03, 2.92189254E-02, 2.73080626E-02
959, 8.00000000E-01, 3.60000000E-01, 2.11474177E-03, 2.69435317E-02, 2.48287899E-02
960, 8.20000000E-01, 3.60000000E-01, 2.08956954E-03, 2.45618041E-02, 2.24722346E-02
961, 8.40000000E-01, 3.60000000E-01, 2.12247552E-03, 2.20831423E-02, 1.99606668E-02
962, 8.60000000E-01, 3.60000000E-01, 1.54680505E-03, 1.95173284E-02, 1.79705234E-02
963, 8.80000000E-01, 3.60000000E-01, 1.42366453E-03, 1.68744886E-02, 1.54508241E-02
964, 9.00000000E-01, 3.60000000E-01, 1.67771982E-03, 1.41650529E-02, 1.24873330E-02
965, 9.20000000E-01, 3.60000000E-01, 1.65677050E-03, 1.13997141E-02, 9.74294364E-03
966, 9.40000000E-01, 3.60000000E-01, 1.10018403E-03, 8.58938594E-03, 7.48920191E-03
967, 9.60000000E-01, 3.60000000E-01, 7.87306080E-04, 5.74515936E-03, 4.95785328E-03
968, 9.80000000E-01, 3.60000000E-01, 4.47592010E-04, 2.87825927E-03, 2.43066726E-03
969, 1.00000000E+00, 3.60000000E-01, 0.00000000E+00, 5.61366752E-18, 5.61366752E-18
970, 0.00000000E+00, 3.80000000E-01, 0.00000000E+00, 0.00000000E+00, 0.00000000E+00
971, 2.00000000E-02, 3.80000000E-01, 8.53307744E-04, 2.95762354E-03, 2.10431579E-03
972, 4.00000000E-02, 3.80000000E-01, 1.10033596E-03, 5.90357469E-03, 4.80323873E-03
973, 6.00000000E-02, 3.80000000E-01, 1.55011656E-03, 8.82622713E-03, 7.27611056E-03
974, 8.00000000E-02, 3.80000000E-01, 1.71466754E-03, 1.17140465E-02, 9.99937894E-03
975, 1.00000000E-01, 3.80000000E-01, 2.01880315E-03, 1.45556358E-02, 1.25368327E-02
976, 1.20000000E-01, 3.80000000E-01, 2.09895750E-03, 1.73397808E-02, 1.52408233E-02
977, 1.40000000E-01, 3.80000000E-01, 1.63284815E-03, 2.00554935E-02, 1.84226453E-02
978, 1.60000000E-01, 3.80000000E-01, 1.83513310E-03, 2.26920563E-02, 2.08569232E-02
979, 1.80000000E-01, 3.80000000E-01, 2.11960220E-03, 2.52390640E-02, 2.31194618E-02
980, 2.00000000E-01, 3.80000000E-01, 1.89840808E-03, 2.76864646E-02, 2.57880566E-02
981, 2.20000000E-01, 3.80000000E-01, 1.84841422E-03, 3.00245994E-02, 2.81761852E-02
982, 2.40000000E-01, 3.80000000E-01, 1.92352382E-03, 3.22442408E-02, 3.03207170E-02
983, 2.60000000E-01, 3.80000000E-01, 2.14972398E-03, 3.43366290E-02, 3.21869050E-02
984, 2.80000000E-01, 3.80000000E-01, 2.64984730E-03, 3.62935061E-02, 3.36436588E-02
985, 3.00000000E-01, 3.80000000E-01, 2.83805647E-03, 3.81071494E-02, 3.52690929E-02
986, 3.20000000E-01, 3.80000000E-01, 2.61957220E-03, 3.97704011E-02, 3.71508289E-02
987, 3.40000000E-01, 3.80000000E-01, 3.12064367E-03, 4.12766972E-02, 3.81560536E-02
988, 3.60000000E-01, 3.80000000E-01, 3.09962530E-03, 4.26200931E-02, 3.95204678E-02
989, 3.80000000E-01, 3.80000000E-01, 3.42162284E-03, 4.37952870E-02, 4.03736641E-02
990, 4.00000000E-01, 3.80000000E-01, 3.22641236E-03, 4.47976408E-02, 4.15712284E-02
991, 4.20000000E-01, 3.80000000E-01, 2.67064957E-03, 4.56231988E-02, 4.29525493E-02
992, 4.40000000E-01, 3.80000000E-01, 2.99404644E-03, 4.62687029E-02, 4.32746565E-02
993, 4.60000000E-01, 3.80000000E-01, 3.26624956E-03, 4.67316056E-02, 4.34653560E-02
994, 4.80000000E-01, 3.80000000E-01, 2.72595797E-03, 4.70100800E-02, 4.42841220E-02
995, 5.00000000E-01, 3.80000000E-01, 2.52379459E-03, 4.71030270E-02, 4.45792324E-02
996, 5.20000000E-01, 3.80000000E-01, 2.55814628E-03, 4.70100800E-02, 4.44519337E-02
997, 5.40000000E-01, 3.80000000E-01, 2.77841226E-03, 4.67316056E-02, 4.39531933E-02
998, 5.60000000E-01, 3.80000000E-01, 2.94617412E-03, 4.62687029E-02, 4.33225288E-02
999, 5.80000000E-01, 3.80000000E-01, 2.89700124E-03, 4.56231988E-02, 4.27261976E-02
1000, 6.00000000E-01, 3.80000000E-01, 2.76395442E-03, 4.47976408E-02, 4.20336864E-02
1001, 6.20000000E-01, 3.80000000E-01, 2.95786659E-03, 4.37952870E-02, 4.08374204E-02
1002, 6.40000000E-01, 3.80000000E-01, 3.04420191E-03, 4.26200931E-02, 3.95758912E-02
1003, 6.60000000E-01, 3.80000000E-01, 3.09580076E-03, 4.12766972E-02, 3.81808965E-02
1004, 6.80000000E-01, 3.80000000E-01, 2.64784634E-03, 3.97704011E-02, 3.71225548E-02
1005, 7.00000000E-01, 3.80000000E-01, 2.41404028E-03, 3.81071494E-02, 3.56931091E-02
1006, 7.20000000E-01, 3.80000000E-01, 2.39843190E-03, 3.62935061E-02, 3.38950742E-02
1007, 7.40000000E-01, 3.80000000E-01, 2.38809095E-03, 3.43366290E-02, 3.19485380E-02
1008, 7.60000000E-01, 3.80000000E-01, 1.95729224E-03, 3.22442408E-02, 3.02869486E-02
1009, 7.80000000E-01, 3.80000000E-01, 1.82467581E-03, 3.00245994E-02, 2.81999236E-02
1010, 8.00000000E-01, 3.80000000E-01, 2.00084426E-03, 2.76864646E-02, 2.56856204E-02
1011, 8.20000000E-01, 3.80000000E-01, 1.99235552E-03, 2.52390640E-02, 2.32467085E-02
1012, 8.40000000E-01, 3.80000000E-01, 1.83797048E-03, 2.26920563E-02, 2.08540859E-02
1013, 8.60000000E-01, 3.80000000E-01, 1.69623801E-03, 2.00554935E-02, 1.83592555E-02
1014, 8.80000000E-01, 3.80000000E-01, 1.56883436E-03, 1.73397808E-02, 1.57709464E-02
1015, 9.00000000E-01, 3.80000000E-01, 1.58416978E-03, 1.45556358E-02, 1.29714661E-02
1016, 9.20000000E-01, 3.80000000E-01, 1.41295965E-03, 1.17140465E-02, 1.03010868E-02
1017, 9.40000000E-01, 3.80000000E-01, 1.46365759E-03, 8.82622713E-03, 7.36256954E-03
1018, 9.60000000E-01, 3.80000000E-01, 1.12865374E-03, 5.90357469E-03, 4.77492094E-03
1019, 9.80000000E-01, 3.80000000E-01, 6.94260098E-04, 2.95762354E-03, 2.26336344E-03
1020, 1.00000000E+00, 3.80000000E-01, 0.00000000E+00, 5.76845713E-18, 5.76845713E-18
1021, 0.00000000E+00, 4.00000000E-01, 0.00000000E+00, 0.00000000E+00, 0.00000000E+00
1022, 2.00000000E-02, 4.00000000E-01, 5.97825357E-04, 3.02531542E-03, 2.42749006E-03
1023, 4.00000000E-02, 4.00000000E-01, 9.22206990E-04, 6.03869130E-03, 5.11648431E-03
1024, 6.00000000E-02, 4.00000000E-01, 1.31127849E-03, 9.02823523E-03, 7.71695674E-03
1025, 8.00000000E-02, 4.00000000E-01, 1.70297684E-03, 1.19821488E-02, 1.02791720E-02
1026, 1.00000000E-01, 4.00000000E-01, 2.10124704E-03, 1.48887744E-02, 1.27875273E-02
1027, 1.20000000E-01, 4.00000000E-01, 2.14629532E-03, 1.77366407E-02, 1.55903454E-02
1028, 1.40000000E-01, 4.00000000E-01, 2.08933355E-03, 2.05145087E-02, 1.84251751E-02
1029, 1.60000000E-01, 4.00000000E-01, 2.31673106E-03, 2.32114152E-02, 2.08946841E-02
1030, 1.80000000E-01, 4.00000000E-01, 2.42292708E-03, 2.58167169E-02, 2.33937898E-02
1031, 2.00000000E-01, 4.00000000E-01, 2.60549747E-03, 2.83201318E-02, 2.57146343E-02
1032, 2.20000000E-01, 4.00000000E-01, 2.50365747E-03, 3.07117800E-02, 2.82081226E-02
1033, 2.40000000E-01, 4.00000000E-01, 2.21818723E-03, 3.29822230E-02, 3.07640357E-02
1034, 2.60000000E-01, 4.00000000E-01, 2.45869401E-03, 3.51225001E-02, 3.26638061E-02
1035, 2.80000000E-01, 4.00000000E-01, 2.57247999E-03, 3.71241648E-02, 3.45516848E-02
1036, 3.00000000E-01, 4.00000000E-01, 2.32275408E-03, 3.89793174E-02, 3.66565633E-02
1037, 3.20000000E-01, 4.00000000E-01, 2.37089075E-03, 4.06806364E-02, 3.83097456E-02
1038, 3.40000000E-01, 4.00000000E-01, 2.76222627E-03, 4.22214075E-02, 3.94591812E-02
1039, 3.60000000E-01, 4.00000000E-01, 3.00987019E-03, 4.35955500E-02, 4.05856798E-02
1040, 3.80000000E-01, 4.00000000E-01, 3.35444403E-03, 4.47976408E-02, 4.14431968E-02
1041, 4.00000000E-01, 4.00000000E-01, 3.31201938E-03, 4.58229358E-02, 4.25109164E-02
1042, 4.20000000E-01, 4.00000000E-01, 3.13603500E-03, 4.66673886E-02, 4.35313536E-02
1043, 4.40000000E-01, 4.00000000E-01, 3.24833718E-03, 4.73276665E-02, 4.40793293E-02
1044, 4.60000000E-01, 4.00000000E-01, 3.29724013E-03, 4.78011637E-02, 4.45039236E-02
1045, 4.80000000E-01, 4.00000000E-01, 3.34728384E-03, 4.80860116E-02, 4.47387278E-02
1046, 5.00000000E-01, 4.00000000E-01, 2.99400643E-03, 4.81810860E-02, 4.51870795E-02
1047, 5.20000000E-01, 4.00000000E-01, 2.80392751E-03, 4.80860116E-02, 4.52820841E-02
1048, 5.40000000E-01, 4.00000000E-01, 2.97400890E-03, 4.78011637E-02, 4.48271548E-02
1049, 5.60000000E-01, 4.00000000E-01, 2.94921990E-03, 4.73276665E-02, 4.43784466E-02
1050, 5.80000000E-01, 4.00000000E-01, 2.42100983E-03, 4.66673886E-02, 4.42463787E-02
1051, 6.00000000E-01, 4.00000000E-01, 2.35695696E-03, 4.58229358E-02, 4.34659788E-02
1052, 6.20000000E-01, 4.00000000E-01, 2.67468440E-03, 4.47976408E-02, 4.21229564E-02
1053, 6.40000000E-01, 4.00000000E-01, 2.78493878E-03, 4.35955500E-02, 4.08106112E-02
1054, 6.60000000E-01, 4.00000000E-01, 2.86851115E-03, 4.22214075E-02, 3.93528963E-02
1055, 6.80000000E-01, 4.00000000E-01, 2.42626606E-03, 4.06806364E-02, 3.82543703E-02
1056, 7.00000000E-01, 4.00000000E-01, 2.26421162E-03, 3.89793174E-02, 3.67151057E-02
1057, 7.20000000E-01, 4.00000000E-01, 2.43014621E-03, 3.71241648E-02, 3.46940186E-02
1058, 7.40000000E-01, 4.00000000E-01, 2.51625955E-03, 3.51225001E-02, 3.26062406E-02
1059, 7.60000000E-01, 4.00000000E-01, 2.34510013E-03, 3.29822230E-02, 3.06371228E-02
1060, 7.80000000E-01, 4.00000000E-01, 1.99858421E-03, 3.07117800E-02, 2.87131958E-02
1061, 8.00000000E-01, 4.00000000E-01, 2.00715837E-03, 2.83201318E-02, 2.63129734E-02
1062, 8.20000000E-01, 4.00000000E-01, 1.99679290E-03, 2.58167169E-02, 2.38199240E-02
1063, 8.40000000E-01, 4.00000000E-01, 1.72692594E-03, 2.32114152E-02, 2.14844892E-02
1064, 8.60000000E-01, 4.00000000E-01, 1.54949980E-03, 2.05145087E-02, 1.89650089E-02
1065, 8.80000000E-01, 4.00000000E-01, 1.53597525E-03, 1.77366407E-02, 1.62006655E-02
1066, 9.00000000E-01, 4.00000000E-01, 1.71887574E-03, 1.48887744E-02, 1.31698986E-02
1067, 9.20000000E-01, 4.00000000E-01, 1.44045727E-03, 1.19821488E-02, 1.05416916E-02
1068, 9.40000000E-01, 4.00000000E-01, 1.14596658E-03, 9.02823523E-03, 7.88226864E-03
1069, 9.60000000E-01, 4.00000000E-01, 7.27563470E-04, 6.03869130E-03, 5.31112783E-03
1070, 9.80000000E-01, 4.00000000E-01, 4.00851328E-04, 3.02531542E-03, 2.62446409E-03
1071, 1.00000000E+00, 4.00000000E-01, 0.00000000E+00, 5.90048127E-18, 5.90048127E-18
1072, 0.00000000E+00, 4.20000000E-01, 0.00000000E+00, 0.00000000E+00, 0.00000000E+00
1073, 2.00000000E-02, 4.20000000E-01, 1.07158641E-03, 3.08106776E-03, 2.00948135E-03
1074, 4.00000000E-02, 4.20000000E-01, 1.29188920E-03, 6.14997596E-03, 4.85808676E-03
1075, 6.00000000E-02, 4.20000000E-01, 1.78885237E-03, 9.19461301E-03, 7.40576064E-03
1076, 8.00000000E-02, 4.20000000E-01, 2.34758157E-03, 1.22029631E-02, 9.85538155E-03
1077, 1.00000000E-01, 4.20000000E-01, 2.16089853E-03, 1.51631537E-02, 1.30022552E-02
1078, 1.20000000E-01, 4.20000000E-01, 1.93149238E-03, 1.80635023E-02, 1.61320099E-02
1079, 1.40000000E-01, 4.20000000E-01, 1.80459096E-03, 2.08925624E-02, 1.90879715E-02
1080, 1.60000000E-01, 4.20000000E-01, 2.08322526E-03, 2.36391692E-02, 2.15559439E-02
1081, 1.80000000E-01, 4.20000000E-01, 2.15971602E-03, 2.62924830E-02, 2.41327669E-02
1082, 2.00000000E-01, 4.20000000E-01, 2.59035699E-03, 2.88420323E-02, 2.62516753E-02
1083, 2.20000000E-01, 4.20000000E-01, 2.29679364E-03, 3.12777553E-02, 2.89809617E-02
1084, 2.40000000E-01, 4.20000000E-01, 2.43922323E-03, 3.35900393E-02, 3.11508161E-02
1085, 2.60000000E-01, 4.20000000E-01, 2.95284405E-03, 3.57697588E-02, 3.28169147E-02
1086, 2.80000000E-01, 4.20000000E-01, 3.02328186E-03, 3.78083114E-02, 3.47850295E-02
1087, 3.00000000E-01, 4.20000000E-01, 2.85588707E-03, 3.96976518E-02, 3.68417647E-02
1088, 3.20000000E-01, 4.20000000E-01, 2.80207933E-03, 4.14303237E-02, 3.86282444E-02
1089, 3.40000000E-01, 4.20000000E-01, 3.01490820E-03, 4.29994891E-02, 3.99845809E-02
1090, 3.60000000E-01, 4.20000000E-01, 3.71223220E-03, 4.43989552E-02, 4.06867230E-02
1091, 3.80000000E-01, 4.20000000E-01, 3.29008758E-03, 4.56231988E-02, 4.23331112E-02
1092, 4.00000000E-01, 4.20000000E-01, 2.94041115E-03, 4.66673886E-02, 4.37269774E-02
1093, 4.20000000E-01, 4.20000000E-01, 2.85110585E-03, 4.75274034E-02, 4.46762976E-02
1094, 4.40000000E-01, 4.20000000E-01, 3.18777836E-03, 4.81998493E-02, 4.50120710E-02
1095, 4.60000000E-01, 4.20000000E-01, 2.99363348E-03, 4.86820725E-02, 4.56884390E-02
1096, 4.80000000E-01, 4.20000000E-01, 3.17952803E-03, 4.89721697E-02, 4.57926417E-02
1097, 5.00000000E-01, 4.20000000E-01, 2.81375446E-03, 4.90689962E-02, 4.62552417E-02
1098, 5.20000000E-01, 4.20000000E-01, 2.83385280E-03, 4.89721697E-02, 4.61383169E-02
1099, 5.40000000E-01, 4.20000000E-01, 3.25338552E-03, 4.86820725E-02, 4.54286870E-02
1100, 5.60000000E-01, 4.20000000E-01, 3.13518007E-03, 4.81998493E-02, 4.50646693E-02
1101, 5.80000000E-01, 4.20000000E-01, 2.41803847E-03, 4.75274034E-02, 4.51093650E-02
1102, 6.00000000E-01, 4.20000000E-01, 2.51064375E-03, 4.66673886E-02, 4.41567448E-02
1103, 6.20000000E-01, 4.20000000E-01, 2.83194403E-03, 4.56231988E-02, 4.27912548E-02
1104, 6.40000000E-01, 4.20000000E-01, 3.02789779E-03, 4.43989552E-02, 4.13710574E-02
1105, 6.60000000E-01, 4.20000000E-01, 2.57358055E-03, 4.29994891E-02, 4.04259086E-02
1106, 6.80000000E-01, 4.20000000E-01, 2.42812467E-03, 4.14303237E-02, 3.90021991E-02
1107, 7.00000000E-01, 4.20000000E-01, 2.29130935E-03, 3.96976518E-02, 3.74063425E-02
1108, 7.20000000E-01, 4.20000000E-01, 2.60781567E-03, 3.78083114E-02, 3.52004957E-02
1109, 7.40000000E-01, 4.20000000E-01, 2.48015319E-03, 3.57697588E-02, 3.32896056E-02
1110, 7.60000000E-01, 4.20000000E-01, 2.39420366E-03, 3.35900393E-02, 3.11958357E-02
1111, 7.80000000E-01, 4.20000000E-01, 2.13382947E-03, 3.12777553E-02, 2.91439258E-02
1112, 8.00000000E-01, 4.20000000E-01, 1.85248081E-03, 2.88420323E-02, 2.69895515E-02
1113, 8.20000000E-01, 4.20000000E-01, 1.56168572E-03, 2.62924830E-02, 2.47307972E-02
1114, 8.40000000E-01, 4.20000000E-01, 1.82647692E-03, 2.36391692E-02, 2.18126923E-02
1115, 8.60000000E-01, 4.20000000E-01, 1.76828727E-03, 2.08925624E-02, 1.91242752E-02
1116, 8.80000000E-01, 4.20000000E-01, 1.62901894E-03, 1.80635023E-02, 1.64344833E-02
1117, 9.00000000E-01, 4.20000000E-01, 1.76252326E-03, 1.51631537E-02, 1.34006305E-02
1118, 9.20000000E-01, 4.20000000E-01, 1.60515855E-03, 1.22029631E-02, 1.05978046E-02
1119, 9.40000000E-01, 4.20000000E-01, 1.12806900E-03, 9.19461301E-03, 8.06654401E-03
1120, 9.60000000E-01, 4.20000000E-01, 8.36483009E-04, 6.14997596E-03, 5.31349295E-03
1121, 9.80000000E-01, 4.20000000E-01, 4.33345937E-04, 3.08106776E-03, 2.64772182E-03
1122, 1.00000000E+00, 4.20000000E-01, 0.00000000E+00, 6.00921891E-18, 6.00921891E-18
1123, 0.00000000E+00, 4.40000000E-01, 0.00000000E+00, 0.00000000E+00, 0.00000000E+00
1124, 2.00000000E-02, 4.40000000E-01, 1.17621749E-03, 3.12466054E-03, 1.94844305E-03
1125, 4.00000000E-02, 4.40000000E-01, 1.32438499E-03, 6.23698947E-03, 4.91260448E-03
1126, 6.00000000E-02, 4.40000000E-01, 2.37387286E-03, 9.32470385E-03, 6.95083099E-03
1127, 8.00000000E-02, 4.40000000E-01, 3.41321770E-03, 1.23756179E-02, 8.96240018E-03
1128, 1.00000000E-01, 4.40000000E-01, 2.91630980E-03, 1.53776910E-02, 1.24613812E-02
1129, 1.20000000E-01, 4.40000000E-01, 2.24879716E-03, 1.83190754E-02, 1.60702783E-02
1130, 1.40000000E-01, 4.40000000E-01, 1.84613468E-03, 2.11881628E-02, 1.93420281E-02
1131, 1.60000000E-01, 4.40000000E-01, 1.86589133E-03, 2.39736302E-02, 2.21077389E-02
1132, 1.80000000E-01, 4.40000000E-01, 2.27865141E-03, 2.66644846E-02, 2.43858332E-02
1133, 2.00000000E-01, 4.40000000E-01, 2.13853220E-03, 2.92501065E-02, 2.71115743E-02
1134, 2.20000000E-01, 4.40000000E-01, 2.22577806E-03, 3.17202916E-02, 2.94945135E-02
1135, 2.40000000E-01, 4.40000000E-01, 2.50231514E-03, 3.40652911E-02, 3.15629760E-02
1136, 2.60000000E-01, 4.40000000E-01, 2.95092153E-03, 3.62758506E-02, 3.33249290E-02
1137, 2.80000000E-01, 4.40000000E-01, 2.30497030E-03, 3.83432458E-02, 3.60382755E-02
1138, 3.00000000E-01, 4.40000000E-01, 3.15135790E-03, 4.02593177E-02, 3.71079598E-02
1139, 3.20000000E-01, 4.40000000E-01, 3.45981132E-03, 4.20165046E-02, 3.85566932E-02
1140, 3.40000000E-01, 4.40000000E-01, 3.88562933E-03, 4.36078714E-02, 3.97222421E-02
1141, 3.60000000E-01, 4.40000000E-01, 4.74607299E-03, 4.50271379E-02, 4.02810650E-02
1142, 3.80000000E-01, 4.40000000E-01, 3.94067227E-03, 4.62687029E-02, 4.23280307E-02
1143, 4.00000000E-01, 4.40000000E-01, 2.87231677E-03, 4.73276665E-02, 4.44553497E-02
1144, 4.20000000E-01, 4.40000000E-01, 2.80382803E-03, 4.81998493E-02, 4.53960213E-02
1145, 4.40000000E-01, 4.40000000E-01, 2.75360314E-03, 4.88818094E-02, 4.61282063E-02
1146, 4.60000000E-01, 4.40000000E-01, 3.13061919E-03, 4.93708553E-02, 4.62402362E-02
1147, 4.80000000E-01, 4.40000000E-01, 2.91586161E-03, 4.96650570E-02, 4.67491954E-02
1148, 5.00000000E-01, 4.40000000E-01, 2.87572923E-03, 4.97632535E-02, 4.68875242E-02
1149, 5.20000000E-01, 4.40000000E-01, 2.90629845E-03, 4.96650570E-02, 4.67587586E-02
1150, 5.40000000E-01, 4.40000000E-01, 3.59677977E-03, 4.93708553E-02, 4.57740756E-02
1151, 5.60000000E-01, 4.40000000E-01, 2.94391258E-03, 4.88818094E-02, 4.59378968E-02
1152, 5.80000000E-01, 4.40000000E-01, 2.63427065E-03, 4.81998493E-02, 4.55655787E-02
1153, 6.00000000E-01, 4.40000000E-01, 2.85523800E-03, 4.73276665E-02, 4.44724285E-02
1154, 6.20000000E-01, 4.40000000E-01, 3.54136464E-03, 4.62687029E-02, 4.27273383E-02
1155, 6.40000000E-01, 4.40000000E-01, 3.13382755E-03, 4.50271379E-02, 4.18933104E-02
1156, 6.60000000E-01, 4.40000000E-01, 2.48409274E-03, 4.36078714E-02, 4.11237787E-02
1157, 6.80000000E-01, 4.40000000E-01, 2.40663686E-03, 4.20165046E-02, 3.96098677E-02
1158, 7.00000000E-01, 4.40000000E-01, 2.73008472E-03, 4.02593177E-02, 3.75292330E-02
1159, 7.20000000E-01, 4.40000000E-01, 2.34579346E-03, 3.83432458E-02, 3.59974523E-02
1160, 7.40000000E-01, 4.40000000E-01, 2.27532284E-03, 3.62758506E-02, 3.40005277E-02
1161, 7.60000000E-01, 4.40000000E-01, 2.46817574E-03, 3.40652911E-02, 3.15971154E-02
1162, 7.80000000E-01, 4.40000000E-01, 2.81937232E-03, 3.17202916E-02, 2.89009192E-02
1163, 8.00000000E-01, 4.40000000E-01, 2.15242913E-03, 2.92501065E-02, 2.70976774E-02
1164, 8.20000000E-01, 4.40000000E-01, 1.89136649E-03, 2.66644846E-02, 2.47731181E-02
1165, 8.40000000E-01, 4.40000000E-01, 1.97340618E-03, 2.39736302E-02, 2.20002240E-02
1166, 8.60000000E-01, 4.40000000E-01, 2.18144073E-03, 2.11881628E-02, 1.90067221E-02
1167, 8.80000000E-01, 4.40000000E-01, 1.95086978E-03, 1.83190754E-02, 1.63682056E-02
1168, 9.00000000E-01, 4.40000000E-01, 1.51444202E-03, 1.53776910E-02, 1.38632490E-02
1169, 9.20000000E-01, 4.40000000E-01, 1.46616398E-03, 1.23756179E-02, 1.09094539E-02
1170, 9.40000000E-01, 4.40000000E-01, 1.51756290E-03, 9.32470385E-03, 7.80714095E-03
1171, 9.60000000E-01, 4.40000000E-01, 9.87421886E-04, 6.23698947E-03, 5.24956758E-03
1172, 9.80000000E-01, 4.40000000E-01, 5.24691800E-04, 3.12466054E-03, 2.59996874E-03
1173, 1.00000000E+00, 4.40000000E-01, 0.00000000E+00, 6.09424091E-18, 6.09424091E-18
1174, 0.00000000E+00, 4.60000000E-01, 0.00000000E+00, 0.00000000E+00, 0.00000000E+00
1175, 2.00000000E-02, 4.60000000E-01, 8.43614116E-04, 3.15592171E-03, 2.31230759E-03
1176, 4.00000000E-02, 4.60000000E-01, 1.43117862E-03, 6.29938843E-03, 4.86820981E-03
1177, 6.00000000E-02, 4.60000000E-01, 2.26285446E-03, 9.41799435E-03, 7.15513989E-03
1178, 8.00000000E-02, 4.60000000E-01, 3.27481061E-03, 1.24994317E-02, 9.22462113E-03
1179, 1.00000000E-01, 4.60000000E-01, 2.32323318E-03, 1.55315396E-02, 1.32083064E-02
1180, 1.20000000E-01, 4.60000000E-01, 1.89597649E-03, 1.85023516E-02, 1.66063751E-02
1181, 1.40000000E-01, 4.60000000E-01, 1.93295975E-03, 2.14001432E-02, 1.94671834E-02
1182, 1.60000000E-01, 4.60000000E-01, 2.06165995E-03, 2.42134782E-02, 2.21518183E-02
1183, 1.80000000E-01, 4.60000000E-01, 1.97382468E-03, 2.69312537E-02, 2.49574291E-02
1184, 2.00000000E-01, 4.60000000E-01, 2.08672112E-03, 2.95427439E-02, 2.74560228E-02
1185, 2.20000000E-01, 4.60000000E-01, 2.28433019E-03, 3.20376423E-02, 2.97533121E-02
1186, 2.40000000E-01, 4.60000000E-01, 2.90473074E-03, 3.44061028E-02, 3.15013721E-02
1187, 2.60000000E-01, 4.60000000E-01, 2.99381918E-03, 3.66387781E-02, 3.36449590E-02
1188, 2.80000000E-01, 4.60000000E-01, 2.95607151E-03, 3.87268570E-02, 3.57707854E-02
1189, 3.00000000E-01, 4.60000000E-01, 3.64747182E-03, 4.06620986E-02, 3.70146267E-02
1190, 3.20000000E-01, 4.60000000E-01, 4.53020005E-03, 4.24368654E-02, 3.79066654E-02
1191, 3.40000000E-01, 4.60000000E-01, 2.95764261E-03, 4.40441534E-02, 4.10865108E-02
1192, 3.60000000E-01, 4.60000000E-01, 2.96273895E-03, 4.54776192E-02, 4.25148802E-02
1193, 3.80000000E-01, 4.60000000E-01, 3.29280128E-03, 4.67316056E-02, 4.34388043E-02
1194, 4.00000000E-01, 4.60000000E-01, 3.25118185E-03, 4.78011637E-02, 4.45499819E-02
1195, 4.20000000E-01, 4.60000000E-01, 2.91623000E-03, 4.86820725E-02, 4.57658425E-02
1196, 4.40000000E-01, 4.60000000E-01, 3.05738849E-03, 4.93708553E-02, 4.63134668E-02
1197, 4.60000000E-01, 4.60000000E-01, 3.31308947E-03, 4.98647940E-02, 4.65517045E-02
1198, 4.80000000E-01, 4.60000000E-01, 3.26213014E-03, 5.01619391E-02, 4.68998090E-02
1199, 5.00000000E-01, 4.60000000E-01, 2.99714918E-03, 5.02611179E-02, 4.72639687E-02
1200, 5.20000000E-01, 4.60000000E-01, 3.07967896E-03, 5.01619391E-02, 4.70822601E-02
1201, 5.40000000E-01, 4.60000000E-01, 3.59065109E-03, 4.98647940E-02, 4.62741429E-02
1202, 5.60000000E-01, 4.60000000E-01, 4.24932215E-03, 4.93708553E-02, 4.51215332E-02
1203, 5.80000000E-01, 4.60000000E-01, 2.84345913E-03, 4.86820725E-02, 4.58386133E-02
1204, 6.00000000E-01, 4.60000000E-01, 2.69720314E-03, 4.78011637E-02, 4.51039606E-02
1205, 6.20000000E-01, 4.60000000E-01, 2.89485207E-03, 4.67316056E-02, 4.38367535E-02
1206, 6.40000000E-01, 4.60000000E-01, 3.08343997E-03, 4.54776192E-02, 4.23941792E-02
1207, 6.60000000E-01, 4.60000000E-01, 2.63839007E-03, 4.40441534E-02, 4.14057633E-02
1208, 6.80000000E-01, 4.60000000E-01, 2.63145581E-03, 4.24368654E-02, 3.98054096E-02
1209, 7.00000000E-01, 4.60000000E-01, 2.87250385E-03, 4.06620986E-02, 3.77895947E-02
1210, 7.20000000E-01, 4.60000000E-01, 2.58457372E-03, 3.87268570E-02, 3.61422832E-02
1211, 7.40000000E-01, 4.60000000E-01, 2.28172844E-03, 3.66387781E-02, 3.43570497E-02
1212, 7.60000000E-01, 4.60000000E-01, 2.21876205E-03, 3.44061028E-02, 3.21873408E-02
1213, 7.80000000E-01, 4.60000000E-01, 2.39224460E-03, 3.20376423E-02, 2.96453977E-02
1214, 8.00000000E-01, 4.60000000E-01, 2.63626245E-03, 2.95427439E-02, 2.69064814E-02
1215, 8.20000000E-01, 4.60000000E-01, 1.90565287E-03, 2.69312537E-02, 2.50256009E-02
1216, 8.40000000E-01, 4.60000000E-01, 1.75558563E-03, 2.42134782E-02, 2.24578926E-02
1217, 8.60000000E-01, 4.60000000E-01, 1.86565946E-03, 2.14001432E-02, 1.95344837E-02
1218, 8.80000000E-01, 4.60000000E-01, 2.10337238E-03, 1.85023516E-02, 1.63989792E-02
1219, 9.00000000E-01, 4.60000000E-01, 1.64345245E-03, 1.55315396E-02, 1.38880871E-02
1220, 9.20000000E-01, 4.60000000E-01, 1.60291946E-03, 1.24994317E-02, 1.08965123E-02
1221, 9.40000000E-01, 4.60000000E-01, 1.81183311E-03, 9.41799435E-03, 7.60616124E-03
1222, 9.60000000E-01, 4.60000000E-01, 1.38495521E-03, 6.29938843E-03, 4.91443322E-03
1223, 9.80000000E-01, 4.60000000E-01, 7.60475528E-04, 3.15592171E-03, 2.39544618E-03
1224, 1.00000000E+00, 4.60000000E-01, 0.00000000E+00, 6.15521172E-18, 6.15521172E-18
1225, 0.00000000E+00, 4.80000000E-01, 0.00000000E+00, 0.00000000E+00, 0.00000000E+00
1226, 2.00000000E-02, 4.80000000E-01, 1.76770254E-03, 3.17472789E-03, 1.40702535E-03
1227, 4.00000000E-02, 4.80000000E-01, 1.46936222E-03, 6.33692659E-03, 4.86756437E-03
1228, 6.00000000E-02, 4.80000000E-01, 1.96282115E-03, 9.47411633E-03, 7.51129517E-03
1229, 8.00000000E-02, 4.80000000E-01, 2.27344628E-03, 1.25739161E-02, 1.03004698E-02
1230, 1.00000000E-01, 4.80000000E-01, 1.85558098E-03, 1.56240923E-02, 1.37685113E-02
1231, 1.20000000E-01, 4.80000000E-01, 1.94196111E-03, 1.86126074E-02, 1.66706462E-02
1232, 1.40000000E-01, 4.80000000E-01, 1.98632321E-03, 2.15276670E-02, 1.95413438E-02
1233, 1.60000000E-01, 4.80000000E-01, 2.13650056E-03, 2.43577667E-02, 2.22212662E-02
1234, 1.80000000E-01, 4.80000000E-01, 2.49504329E-03, 2.70917375E-02, 2.45966942E-02
1235, 2.00000000E-01, 4.80000000E-01, 2.48353877E-03, 2.97187896E-02, 2.72352508E-02
1236, 2.20000000E-01, 4.80000000E-01, 2.72313496E-03, 3.22285551E-02, 2.95054202E-02
1237, 2.40000000E-01, 4.80000000E-01, 3.61342500E-03, 3.46111293E-02, 3.09977043E-02
1238, 2.60000000E-01, 4.80000000E-01, 4.75072981E-03, 3.68571092E-02, 3.21063794E-02
1239, 2.80000000E-01, 4.80000000E-01, 3.20070361E-03, 3.89576309E-02, 3.57569273E-02
1240, 3.00000000E-01, 4.80000000E-01, 3.30458305E-03, 4.09044046E-02, 3.75998216E-02
1241, 3.20000000E-01, 4.80000000E-01, 3.64966147E-03, 4.26897474E-02, 3.90400859E-02
1242, 3.40000000E-01, 4.80000000E-01, 3.26197035E-03, 4.43066132E-02, 4.10446428E-02
1243, 3.60000000E-01, 4.80000000E-01, 2.90380237E-03, 4.57486210E-02, 4.28448187E-02
1244, 3.80000000E-01, 4.80000000E-01, 3.04883675E-03, 4.70100800E-02, 4.39612432E-02
1245, 4.00000000E-01, 4.80000000E-01, 3.22948030E-03, 4.80860116E-02, 4.48565313E-02
1246, 4.20000000E-01, 4.80000000E-01, 3.24376759E-03, 4.89721697E-02, 4.57284021E-02
1247, 4.40000000E-01, 4.80000000E-01, 3.12967500E-03, 4.96650570E-02, 4.65353820E-02
1248, 4.60000000E-01, 4.80000000E-01, 3.33786910E-03, 5.01619391E-02, 4.68240700E-02
1249, 4.80000000E-01, 4.80000000E-01, 3.93407614E-03, 5.04608549E-02, 4.65267787E-02
1250, 5.00000000E-01, 4.80000000E-01, 4.11955783E-03, 5.05606247E-02, 4.64410669E-02
1251, 5.20000000E-01, 4.80000000E-01, 3.61197704E-03, 5.04608549E-02, 4.68488778E-02
1252, 5.40000000E-01, 4.80000000E-01, 4.00349983E-03, 5.01619391E-02, 4.61584393E-02
1253, 5.60000000E-01, 4.80000000E-01, 4.18382812E-03, 4.96650570E-02, 4.54812289E-02
1254, 5.80000000E-01, 4.80000000E-01, 3.23004021E-03, 4.89721697E-02, 4.57421295E-02
1255, 6.00000000E-01, 4.80000000E-01, 2.81206607E-03, 4.80860116E-02, 4.52739455E-02
1256, 6.20000000E-01, 4.80000000E-01, 3.00439907E-03, 4.70100800E-02, 4.40056809E-02
1257, 6.40000000E-01, 4.80000000E-01, 2.63873548E-03, 4.57486210E-02, 4.31098855E-02
1258, 6.60000000E-01, 4.80000000E-01, 2.66250546E-03, 4.43066132E-02, 4.16441077E-02
1259, 6.80000000E-01, 4.80000000E-01, 2.67862147E-03, 4.26897474E-02, 4.00111259E-02
1260, 7.00000000E-01, 4.80000000E-01, 2.70844588E-03, 4.09044046E-02, 3.81959588E-02
1261, 7.20000000E-01, 4.80000000E-01, 2.96580276E-03, 3.89576309E-02, 3.59918282E-02
1262, 7.40000000E-01, 4.80000000E-01, 2.98748296E-03, 3.68571092E-02, 3.38696262E-02
1263, 7.60000000E-01, 4.80000000E-01, 2.60419951E-03, 3.46111293E-02, 3.20069298E-02
1264, 7.80000000E-01, 4.80000000E-01, 2.82203315E-03, 3.22285551E-02, 2.94065220E-02
1265, 8.00000000E-01, 4.80000000E-01, 2.91955868E-03, 2.97187896E-02, 2.67992309E-02
1266, 8.20000000E-01, 4.80000000E-01, 2.22641907E-03, 2.70917375E-02, 2.48653184E-02
1267, 8.40000000E-01, 4.80000000E-01, 1.88743875E-03, 2.43577667E-02, 2.24703280E-02
1268, 8.60000000E-01, 4.80000000E-01, 2.05722234E-03, 2.15276670E-02, 1.94704446E-02
1269, 8.80000000E-01, 4.80000000E-01, 1.90211549E-03, 1.86126074E-02, 1.67104919E-02
1270, 9.00000000E-01, 4.80000000E-01, 1.62295941E-03, 1.56240923E-02, 1.40011329E-02
1271, 9.20000000E-01, 4.80000000E-01, 1.57999141E-03, 1.25739161E-02, 1.09939246E-02
1272, 9.40000000E-01, 4.80000000E-01, 1.62211778E-03, 9.47411633E-03, 7.85199855E-03
1273, 9.60000000E-01, 4.80000000E-01, 1.75446136E-03, 6.33692659E-03, 4.58246523E-03
1274, 9.80000000E-01, 4.80000000E-01, 1.17881776E-03, 3.17472789E-03, 1.99591013E-03
1275, 1.00000000E+00, 4.80000000E-01, 0.00000000E+00, 6.19189072E-18, 6.19189072E-18
1276, 0.00000000E+00, 5.00000000E-01, 0.00000000E+00, 0.00000000E+00, 0.00000000E+00
1277, 2.00000000E-02, 5.00000000E-01, 1.35386982E-03, 3.18100488E-03, 1.82713506E-03
1278, 4.00000000E-02, 5.00000000E-01, 1.55311281E-03, 6.34945579E-03, 4.79634298E-03
1279, 6.00000000E-02, 5.00000000E-01, 1.81055872E-03, 9.49284829E-03, 7.68228957E-03
1280, 8.00000000E-02, 5.00000000E-01, 2.29971152E-03, 1.25987769E-02, 1.02990653E-02
1281, 1.00000000E-01, 5.00000000E-01, 2.06707903E-03, 1.56549838E-02, 1.35879048E-02
1282, 1.20000000E-01, 5.00000000E-01, 2.45125293E-03, 1.86494077E-02, 1.61981548E-02
1283, 1.40000000E-01, 5.00000000E-01, 2.58435882E-03, 2.15702309E-02, 1.89858721E-02
1284, 1.60000000E-01, 5.00000000E-01, 2.76428581E-03, 2.44059262E-02, 2.16416404E-02
1285, 1.80000000E-01, 5.00000000E-01, 3.46509293E-03, 2.71453025E-02, 2.36802096E-02
1286, 2.00000000E-01, 5.00000000E-01, 3.49224274E-03, 2.97775487E-02, 2.62853060E-02
1287, 2.20000000E-01, 5.00000000E-01, 3.02911822E-03, 3.22922766E-02, 2.92631583E-02
1288, 2.40000000E-01, 5.00000000E-01, 3.87958920E-03, 3.46795615E-02, 3.07999723E-02
1289, 2.60000000E-01, 5.00000000E-01, 4.57025644E-03, 3.69299821E-02, 3.23597256E-02
1290, 2.80000000E-01, 5.00000000E-01, 3.74543785E-03, 3.90346569E-02, 3.52892190E-02
1291, 3.00000000E-01, 5.00000000E-01, 3.36390563E-03, 4.09852797E-02, 3.76213741E-02
1292, 3.20000000E-01, 5.00000000E-01, 3.69682333E-03, 4.27741524E-02, 3.90773291E-02
1293, 3.40000000E-01, 5.00000000E-01, 3.20463084E-03, 4.43942150E-02, 4.11895842E-02
1294, 3.60000000E-01, 5.00000000E-01, 3.30616750E-03, 4.58390740E-02, 4.25329065E-02
1295, 3.80000000E-01, 5.00000000E-01, 3.30887910E-03, 4.71030270E-02, 4.37941479E-02
1296, 4.00000000E-01, 5.00000000E-01, 3.52403390E-03, 4.81810860E-02, 4.46570521E-02
1297, 4.20000000E-01, 5.00000000E-01, 4.17886808E-03, 4.90689962E-02, 4.48901281E-02
1298, 4.40000000E-01, 5.00000000E-01, 4.10103973E-03, 4.97632535E-02, 4.56622137E-02
1299, 4.60000000E-01, 5.00000000E-01, 3.49550801E-03, 5.02611179E-02, 4.67656099E-02
1300, 4.80000000E-01, 5.00000000E-01, 4.07988502E-03, 5.05606247E-02, 4.64807397E-02
1301, 5.00000000E-01, 5.00000000E-01, 4.68777311E-03, 5.06605918E-02, 4.59728187E-02
1302, 5.20000000E-01, 5.00000000E-01, 4.12454874E-03, 5.05606247E-02, 4.64360760E-02
1303, 5.40000000E-01, 5.00000000E-01, 3.87961621E-03, 5.02611179E-02, 4.63815017E-02
1304, 5.60000000E-01, 5.00000000E-01, 4.04151830E-03, 4.97632535E-02, 4.57217352E-02
1305, 5.80000000E-01, 5.00000000E-01, 3.18328295E-03, 4.90689962E-02, 4.58857132E-02
1306, 6.00000000E-01, 5.00000000E-01, 2.80070494E-03, 4.81810860E-02, 4.53803810E-02
1307, 6.20000000E-01, 5.00000000E-01, 2.70006676E-03, 4.71030270E-02, 4.44029603E-02
1308, 6.40000000E-01, 5.00000000E-01, 3.03283434E-03, 4.58390740E-02, 4.28062396E-02
1309, 6.60000000E-01, 5.00000000E-01, 3.67074650E-03, 4.43942150E-02, 4.07234685E-02
1310, 6.80000000E-01, 5.00000000E-01, 3.76722868E-03, 4.27741524E-02, 3.90069237E-02
1311, 7.00000000E-01, 5.00000000E-01, 3.01627755E-03, 4.09852797E-02, 3.79690022E-02
1312, 7.20000000E-01, 5.00000000E-01, 3.30679777E-03, 3.90346569E-02, 3.57278591E-02
1313, 7.40000000E-01, 5.00000000E-01, 3.31783393E-03, 3.69299821E-02, 3.36121482E-02
1314, 7.60000000E-01, 5.00000000E-01, 2.93574952E-03, 3.46795615E-02, 3.17438120E-02
1315, 7.80000000E-01, 5.00000000E-01, 2.73501689E-03, 3.22922766E-02, 2.95572597E-02
1316, 8.00000000E-01, 5.00000000E-01, 2.83402729E-03, 2.97775487E-02, 2.69435215E-02
1317, 8.20000000E-01, 5.00000000E-01, 2.23203210E-03, 2.71453025E-02, 2.49132705E-02
1318, 8.40000000E-01, 5.00000000E-01, 1.84036243E-03, 2.44059262E-02, 2.25655638E-02
1319, 8.60000000E-01, 5.00000000E-01, 1.89240341E-03, 2.15702309E-02, 1.96778275E-02
1320, 8.80000000E-01, 5.00000000E-01, 1.92612887E-03, 1.86494077E-02, 1.67232788E-02
1321, 9.00000000E-01, 5.00000000E-01, 2.04681501E-03, 1.56549838E-02, 1.36081688E-02
1322, 9.20000000E-01, 5.00000000E-01, 2.13145692E-03, 1.25987769E-02, 1.04673199E-02
1323, 9.40000000E-01, 5.00000000E-01, 1.60008161E-03, 9.49284829E-03, 7.89276668E-03
1324, 9.60000000E-01, 5.00000000E-01, 1.37207764E-03, 6.34945579E-03, 4.97737815E-03
1325, 9.80000000E-01, 5.00000000E-01, 8.36509474E-04, 3.18100488E-03, 2.34449541E-03
1326, 1.00000000E+00, 5.00000000E-01, 0.00000000E+00, 6.20413316E-18, 6.20413316E-18
1327, 0.00000000E+00, 5.20000000E-01, 0.00000000E+00, 0.00000000E+00, 0.00000000E+00
1328, 2.00000000E-02, 5.20000000E-01, 1.27400501E-03, 3.17472789E-03, 1.90072289E-03
1329, 4.00000000E-02, 5.20000000E-01, 1.82474321E-03, 6.33692659E-03, 4.51218338E-03
1330, 6.00000000E-02, 5.20000000E-01, 2.05696481E-03, 9.47411633E-03, 7.41715151E-03
1331, 8.00000000E-02, 5.20000000E-01, 2.44817234E-03, 1.25739161E-02, 1.01257437E-02
1332, 1.00000000E-01, 5.20000000E-01, 3.00548315E-03, 1.56240923E-02, 1.26186091E-02
1333, 1.20000000E-01, 5.20000000E-01, 4.26325453E-03, 1.86126074E-02, 1.43493528E-02
1334, 1.40000000E-01, 5.20000000E-01, 4.22433923E-03, 2.15276670E-02, 1.73033277E-02
1335, 1.60000000E-01, 5.20000000E-01, 3.03077643E-03, 2.43577667E-02, 2.13269903E-02
1336, 1.80000000E-01, 5.20000000E-01, 3.22684339E-03, 2.70917375E-02, 2.38648941E-02
1337, 2.00000000E-01, 5.20000000E-01, 3.04847971E-03, 2.97187896E-02, 2.66703098E-02
1338, 2.20000000E-01, 5.20000000E-01, 2.82277701E-03, 3.22285551E-02, 2.94057781E-02
1339, 2.40000000E-01, 5.20000000E-01, 3.53451200E-03, 3.46111293E-02, 3.10766173E-02
1340, 2.60000000E-01, 5.20000000E-01, 4.60025246E-03, 3.68571092E-02, 3.22568567E-02
1341, 2.80000000E-01, 5.20000000E-01, 4.57303322E-03, 3.89576309E-02, 3.43845977E-02
1342, 3.00000000E-01, 5.20000000E-01, 3.61742118E-03, 4.09044046E-02, 3.72869835E-02
1343, 3.20000000E-01, 5.20000000E-01, 3.89178734E-03, 4.26897474E-02, 3.87979600E-02
1344, 3.40000000E-01, 5.20000000E-01, 4.29974536E-03, 4.43066132E-02, 4.00068678E-02
1345, 3.60000000E-01, 5.20000000E-01, 5.03871722E-03, 4.57486210E-02, 4.07099038E-02
1346, 3.80000000E-01, 5.20000000E-01, 4.72491579E-03, 4.70100800E-02, 4.22851642E-02
1347, 4.00000000E-01, 5.20000000E-01, 3.69447133E-03, 4.80860116E-02, 4.43915403E-02
1348, 4.20000000E-01, 5.20000000E-01, 4.04213763E-03, 4.89721697E-02, 4.49300321E-02
1349, 4.40000000E-01, 5.20000000E-01, 3.79715473E-03, 4.96650570E-02, 4.58679023E-02
1350, 4.60000000E-01, 5.20000000E-01, 3.57885786E-03, 5.01619391E-02, 4.65830812E-02
1351, 4.80000000E-01, 5.20000000E-01, 4.02605644E-03, 5.04608549E-02, 4.64347984E-02
1352, 5.00000000E-01, 5.20000000E-01, 4.77268485E-03, 5.05606247E-02, 4.57879399E-02
1353, 5.20000000E-01, 5.20000000E-01, 4.55580365E-03, 5.04608549E-02, 4.59050512E-02
1354, 5.40000000E-01, 5.20000000E-01, 3.98626447E-03, 5.01619391E-02, 4.61756746E-02
1355, 5.60000000E-01, 5.20000000E-01, 4.00003087E-03, 4.96650570E-02, 4.56650262E-02
1356, 5.80000000E-01, 5.20000000E-01, 3.73408447E-03, 4.89721697E-02, 4.52380852E-02
1357, 6.00000000E-01, 5.20000000E-01, 3.93537992E-03, 4.80860116E-02, 4.41506317E-02
1358, 6.20000000E-01, 5.20000000E-01, 3.81800748E-03, 4.70100800E-02, 4.31920725E-02
1359, 6.40000000E-01, 5.20000000E-01, 3.38499056E-03, 4.57486210E-02, 4.23636305E-02
1360, 6.60000000E-01, 5.20000000E-01, 3.71728700E-03, 4.43066132E-02, 4.05893262E-02
1361, 6.80000000E-01, 5.20000000E-01, 3.51600134E-03, 4.26897474E-02, 3.91737460E-02
1362, 7.00000000E-01, 5.20000000E-01, 3.16118739E-03, 4.09044046E-02, 3.77432172E-02
1363, 7.20000000E-01, 5.20000000E-01, 3.56491677E-03, 3.89576309E-02, 3.53927141E-02
1364, 7.40000000E-01, 5.20000000E-01, 4.14772470E-03, 3.68571092E-02, 3.27093845E-02
1365, 7.60000000E-01, 5.20000000E-01, 3.97463108E-03, 3.46111293E-02, 3.06364982E-02
1366, 7.80000000E-01, 5.20000000E-01, 2.72721020E-03, 3.22285551E-02, 2.95013449E-02
1367, 8.00000000E-01, 5.20000000E-01, 2.22986844E-03, 2.97187896E-02, 2.74889211E-02
1368, 8.20000000E-01, 5.20000000E-01, 2.11429080E-03, 2.70917375E-02, 2.49774467E-02
1369, 8.40000000E-01, 5.20000000E-01, 2.28158393E-03, 2.43577667E-02, 2.20761828E-02
1370, 8.60000000E-01, 5.20000000E-01, 2.60601252E-03, 2.15276670E-02, 1.89216545E-02
1371, 8.80000000E-01, 5.20000000E-01, 2.41907443E-03, 1.86126074E-02, 1.61935329E-02
1372, 9.00000000E-01, 5.20000000E-01, 2.36393280E-03, 1.56240923E-02, 1.32601595E-02
1373, 9.20000000E-01, 5.20000000E-01, 2.42843622E-03, 1.25739161E-02, 1.01454798E-02
1374, 9.40000000E-01, 5.20000000E-01, 2.10427335E-03, 9.47411633E-03, 7.36984298E-03
1375, 9.60000000E-01, 5.20000000E-01, 1.82799765E-03, 6.33692659E-03, 4.50892893E-03
1376, 9.80000000E-01, 5.20000000E-01, 1.12045245E-03, 3.17472789E-03, 2.05427544E-03
1377, 1.00000000E+00, 5.20000000E-01, 0.00000000E+00, 6.19189072E-18, 6.19189072E-18
1378, 0.00000000E+00, 5.40000000E-01, 0.00000000E+00, 0.00000000E+00, 0.00000000E+00
1379, 2.00000000E-02, 5.40000000E-01, 8.48257161E-04, 3.15592171E-03, 2.30766455E-03
1380, 4.00000000E-02, 5.40000000E-01, 2.14409521E-03, 6.29938843E-03, 4.15529322E-03
1381, 6.00000000E-02, 5.40000000E-01, 3.32392498E-03, 9.41799435E-03, 6.09406937E-03
1382, 8.00000000E-02, 5.40000000E-01, 3.60417627E-03, 1.24994317E-02, 8.89525547E-03
1383, 1.00000000E-01, 5.40000000E-01, 3.19339402E-03, 1.55315396E-02, 1.23381456E-02
1384, 1.20000000E-01, 5.40000000E-01, 4.10255384E-03, 1.85023516E-02, 1.43997977E-02
1385, 1.40000000E-01, 5.40000000E-01, 3.67549666E-03, 2.14001432E-02, 1.77246465E-02
1386, 1.60000000E-01, 5.40000000E-01, 2.94890343E-03, 2.42134782E-02, 2.12645748E-02
1387, 1.80000000E-01, 5.40000000E-01, 2.80994278E-03, 2.69312537E-02, 2.41213110E-02
1388, 2.00000000E-01, 5.40000000E-01, 2.86481015E-03, 2.95427439E-02, 2.66779337E-02
1389, 2.20000000E-01, 5.40000000E-01, 2.63835413E-03, 3.20376423E-02, 2.93992882E-02
1390, 2.40000000E-01, 5.40000000E-01, 3.09753013E-03, 3.44061028E-02, 3.13085727E-02
1391, 2.60000000E-01, 5.40000000E-01, 4.03385226E-03, 3.66387781E-02, 3.26049259E-02
1392, 2.80000000E-01, 5.40000000E-01, 4.74544035E-03, 3.87268570E-02, 3.39814166E-02
1393, 3.00000000E-01, 5.40000000E-01, 4.49873214E-03, 4.06620986E-02, 3.61633664E-02
1394, 3.20000000E-01, 5.40000000E-01, 5.56017222E-03, 4.24368654E-02, 3.68766932E-02
1395, 3.40000000E-01, 5.40000000E-01, 5.46439734E-03, 4.40441534E-02, 3.85797560E-02
1396, 3.60000000E-01, 5.40000000E-01, 4.81899875E-03, 4.54776192E-02, 4.06586204E-02
1397, 3.80000000E-01, 5.40000000E-01, 3.73625833E-03, 4.67316056E-02, 4.29953473E-02
1398, 4.00000000E-01, 5.40000000E-01, 3.67239148E-03, 4.78011637E-02, 4.41287722E-02
1399, 4.20000000E-01, 5.40000000E-01, 3.86248690E-03, 4.86820725E-02, 4.48195856E-02
1400, 4.40000000E-01, 5.40000000E-01, 3.58162963E-03, 4.93708553E-02, 4.57892257E-02
1401, 4.60000000E-01, 5.40000000E-01, 3.82695957E-03, 4.98647940E-02, 4.60378344E-02
1402, 4.80000000E-01, 5.40000000E-01, 3.98032054E-03, 5.01619391E-02, 4.61816186E-02
1403, 5.00000000E-01, 5.40000000E-01, 3.96973319E-03, 5.02611179E-02, 4.62913847E-02
1404, 5.20000000E-01, 5.40000000E-01, 5.07712155E-03, 5.01619391E-02, 4.50848175E-02
1405, 5.40000000E-01, 5.40000000E-01, 5.48606863E-03, 4.98647940E-02, 4.43787254E-02
1406, 5.60000000E-01, 5.40000000E-01, 5.78409174E-03, 4.93708553E-02, 4.35867636E-02
1407, 5.80000000E-01, 5.40000000E-01, 4.42702002E-03, 4.86820725E-02, 4.42550525E-02
1408, 6.00000000E-01, 5.40000000E-01, 3.27129327E-03, 4.78011637E-02, 4.45298704E-02
1409, 6.20000000E-01, 5.40000000E-01, 3.08735866E-03, 4.67316056E-02, 4.36442469E-02
1410, 6.40000000E-01, 5.40000000E-01, 3.88686891E-03, 4.54776192E-02, 4.15907503E-02
1411, 6.60000000E-01, 5.40000000E-01, 3.75458463E-03, 4.40441534E-02, 4.02895688E-02
1412, 6.80000000E-01, 5.40000000E-01, 3.57134596E-03, 4.24368654E-02, 3.88655195E-02
1413, 7.00000000E-01, 5.40000000E-01, 3.31583336E-03, 4.06620986E-02, 3.73462652E-02
1414, 7.20000000E-01, 5.40000000E-01, 4.10607026E-03, 3.87268570E-02, 3.46207867E-02
1415, 7.40000000E-01, 5.40000000E-01, 4.28552146E-03, 3.66387781E-02, 3.23532567E-02
1416, 7.60000000E-01, 5.40000000E-01, 4.49952202E-03, 3.44061028E-02, 2.99065808E-02
1417, 7.80000000E-01, 5.40000000E-01, 3.40279233E-03, 3.20376423E-02, 2.86348500E-02
1418, 8.00000000E-01, 5.40000000E-01, 2.51418804E-03, 2.95427439E-02, 2.70285558E-02
1419, 8.20000000E-01, 5.40000000E-01, 2.20166211E-03, 2.69312537E-02, 2.47295916E-02
1420, 8.40000000E-01, 5.40000000E-01, 2.72453409E-03, 2.42134782E-02, 2.14889441E-02
1421, 8.60000000E-01, 5.40000000E-01, 2.65748477E-03, 2.14001432E-02, 1.87426584E-02
1422, 8.80000000E-01, 5.40000000E-01, 2.58585448E-03, 1.85023516E-02, 1.59164971E-02
1423, 9.00000000E-01, 5.40000000E-01, 2.38710231E-03, 1.55315396E-02, 1.31444373E-02
1424, 9.20000000E-01, 5.40000000E-01, 2.75037784E-03, 1.24994317E-02, 9.74905390E-03
1425, 9.40000000E-01, 5.40000000E-01, 2.82620298E-03, 9.41799435E-03, 6.59179137E-03
1426, 9.60000000E-01, 5.40000000E-01, 3.10376146E-03, 6.29938843E-03, 3.19562697E-03
1427, 9.80000000E-01, 5.40000000E-01, 1.49923268E-03, 3.15592171E-03, 1.65668903E-03
1428, 1.00000000E+00, 5.40000000E-01, 0.00000000E+00, 6.15521172E-18, 6.15521172E-18
1429, 0.00000000E+00, 5.60000000E-01, 0.00000000E+00, 0.00000000E+00, 0.00000000E+00
1430, 2.00000000E-02, 5.60000000E-01, 7.83981409E-04, 3.12466054E-03, 2.34067913E-03
1431, 4.00000000E-02, 5.60000000E-01, 1.54945263E-03, 6.23698947E-03, 4.68753684E-03
1432, 6.00000000E-02, 5.60000000E-01, 2.03144276E-03, 9.32470385E-03, 7.29326109E-03
1433, 8.00000000E-02, 5.60000000E-01, 2.67207306E-03, 1.23756179E-02, 9.70354482E-03
1434, 1.00000000E-01, 5.60000000E-01, 4.12146940E-03, 1.53776910E-02, 1.12562216E-02
1435, 1.20000000E-01, 5.60000000E-01, 5.00372539E-03, 1.83190754E-02, 1.33153500E-02
1436, 1.40000000E-01, 5.60000000E-01, 5.60375761E-03, 2.11881628E-02, 1.55844052E-02
1437, 1.60000000E-01, 5.60000000E-01, 3.79675286E-03, 2.39736302E-02, 2.01768773E-02
1438, 1.80000000E-01, 5.60000000E-01, 2.73574110E-03, 2.66644846E-02, 2.39287435E-02
1439, 2.00000000E-01, 5.60000000E-01, 2.39962090E-03, 2.92501065E-02, 2.68504856E-02
1440, 2.20000000E-01, 5.60000000E-01, 3.11289478E-03, 3.17202916E-02, 2.86073968E-02
1441, 2.40000000E-01, 5.60000000E-01, 3.35781844E-03, 3.40652911E-02, 3.07074727E-02
1442, 2.60000000E-01, 5.60000000E-01, 3.45526433E-03, 3.62758506E-02, 3.28205862E-02
1443, 2.80000000E-01, 5.60000000E-01, 3.55733680E-03, 3.83432458E-02, 3.47859090E-02
1444, 3.00000000E-01, 5.60000000E-01, 4.74891963E-03, 4.02593177E-02, 3.55103981E-02
1445, 3.20000000E-01, 5.60000000E-01, 6.24325686E-03, 4.20165046E-02, 3.57732477E-02
1446, 3.40000000E-01, 5.60000000E-01, 7.11145598E-03, 4.36078714E-02, 3.64964155E-02
1447, 3.60000000E-01, 5.60000000E-01, 4.80862621E-03, 4.50271379E-02, 4.02185117E-02
1448, 3.80000000E-01, 5.60000000E-01, 4.19381926E-03, 4.62687029E-02, 4.20748837E-02
1449, 4.00000000E-01, 5.60000000E-01, 3.83883660E-03, 4.73276665E-02, 4.34888299E-02
1450, 4.20000000E-01, 5.60000000E-01, 3.85751513E-03, 4.81998493E-02, 4.43423342E-02
1451, 4.40000000E-01, 5.60000000E-01, 3.79220706E-03, 4.88818094E-02, 4.50896024E-02
1452, 4.60000000E-01, 5.60000000E-01, 3.92728483E-03, 4.93708553E-02, 4.54435705E-02
1453, 4.80000000E-01, 5.60000000E-01, 3.21019651E-03, 4.96650570E-02, 4.64548605E-02
1454, 5.00000000E-01, 5.60000000E-01, 4.41132901E-03, 4.97632535E-02, 4.53519244E-02
1455, 5.20000000E-01, 5.60000000E-01, 5.84034673E-03, 4.96650570E-02, 4.38247103E-02
1456, 5.40000000E-01, 5.60000000E-01, 6.95308228E-03, 4.93708553E-02, 4.24177731E-02
1457, 5.60000000E-01, 5.60000000E-01, 5.27592150E-03, 4.88818094E-02, 4.36058879E-02
1458, 5.80000000E-01, 5.60000000E-01, 4.34243338E-03, 4.81998493E-02, 4.38574160E-02
1459, 6.00000000E-01, 5.60000000E-01, 3.72731589E-03, 4.73276665E-02, 4.36003506E-02
1460, 6.20000000E-01, 5.60000000E-01, 3.62856983E-03, 4.62687029E-02, 4.26401331E-02
1461, 6.40000000E-01, 5.60000000E-01, 3.55616609E-03, 4.50271379E-02, 4.14709719E-02
1462, 6.60000000E-01, 5.60000000E-01, 3.64548995E-03, 4.36078714E-02, 3.99623815E-02
1463, 6.80000000E-01, 5.60000000E-01, 2.62885179E-03, 4.20165046E-02, 3.93876528E-02
1464, 7.00000000E-01, 5.60000000E-01, 3.43367455E-03, 4.02593177E-02, 3.68256432E-02
1465, 7.20000000E-01, 5.60000000E-01, 4.43243278E-03, 3.83432458E-02, 3.39108130E-02
1466, 7.40000000E-01, 5.60000000E-01, 5.27401038E-03, 3.62758506E-02, 3.10018402E-02
1467, 7.60000000E-01, 5.60000000E-01, 4.05447224E-03, 3.40652911E-02, 3.00108189E-02
1468, 7.80000000E-01, 5.60000000E-01, 3.34390368E-03, 3.17202916E-02, 2.83763879E-02
1469, 8.00000000E-01, 5.60000000E-01, 2.94397101E-03, 2.92501065E-02, 2.63061355E-02
1470, 8.20000000E-01, 5.60000000E-01, 2.81408270E-03, 2.66644846E-02, 2.38504019E-02
1471, 8.40000000E-01, 5.60000000E-01, 2.70974583E-03, 2.39736302E-02, 2.12638844E-02
1472, 8.60000000E-01, 5.60000000E-01, 2.67269847E-03, 2.11881628E-02, 1.85154643E-02
1473, 8.80000000E-01, 5.60000000E-01, 1.77583947E-03, 1.83190754E-02, 1.65432360E-02
1474, 9.00000000E-01, 5.60000000E-01, 2.23296929E-03, 1.53776910E-02, 1.31447217E-02
1475, 9.20000000E-01, 5.60000000E-01, 2.94554600E-03, 1.23756179E-02, 9.43007189E-03
1476, 9.40000000E-01, 5.60000000E-01, 3.42323870E-03, 9.32470385E-03, 5.90146515E-03
1477, 9.60000000E-01, 5.60000000E-01, 2.43832192E-03, 6.23698947E-03, 3.79866754E-03
1478, 9.80000000E-01, 5.60000000E-01, 1.35956077E-03, 3.12466054E-03, 1.76509977E-03
1479, 1.00000000E+00, 5.60000000E-01, 0.00000000E+00, 6.09424091E-18, 6.09424091E-18
1480, 0.00000000E+00, 5.80000000E-01, 0.00000000E+00, 0.00000000E+00, 0.00000000E+00
1481, 2.00000000E-02, 5.80000000E-01, 1.01423023E-03, 3.08106776E-03, 2.06683754E-03
1482, 4.00000000E-02, 5.80000000E-01, 1.61298105E-03, 6.14997596E-03, 4.53699491E-03
1483, 6.00000000E-02, 5.80000000E-01, 1.64311005E-03, 9.19461301E-03, 7.55150296E-03
1484, 8.00000000E-02, 5.80000000E-01, 3.07910621E-03, 1.22029631E-02, 9.12385691E-03
1485, 1.00000000E-01, 5.80000000E-01, 4.63797902E-03, 1.51631537E-02, 1.05251747E-02
1486, 1.20000000E-01, 5.80000000E-01, 5.76250864E-03, 1.80635023E-02, 1.23009936E-02
1487, 1.40000000E-01, 5.80000000E-01, 4.31009665E-03, 2.08925624E-02, 1.65824658E-02
1488, 1.60000000E-01, 5.80000000E-01, 3.53418016E-03, 2.36391692E-02, 2.01049890E-02
1489, 1.80000000E-01, 5.80000000E-01, 2.97682788E-03, 2.62924830E-02, 2.33156551E-02
1490, 2.00000000E-01, 5.80000000E-01, 2.86405092E-03, 2.88420323E-02, 2.59779814E-02
1491, 2.20000000E-01, 5.80000000E-01, 2.98916769E-03, 3.12777553E-02, 2.82885876E-02
1492, 2.40000000E-01, 5.80000000E-01, 3.27904344E-03, 3.35900393E-02, 3.03109959E-02
1493, 2.60000000E-01, 5.80000000E-01, 2.62706755E-03, 3.57697588E-02, 3.31426912E-02
1494, 2.80000000E-01, 5.80000000E-01, 3.92944364E-03, 3.78083114E-02, 3.38788677E-02
1495, 3.00000000E-01, 5.80000000E-01, 5.23877449E-03, 3.96976518E-02, 3.44588773E-02
1496, 3.20000000E-01, 5.80000000E-01, 6.25646865E-03, 4.14303237E-02, 3.51738551E-02
1497, 3.40000000E-01, 5.80000000E-01, 4.84282807E-03, 4.29994891E-02, 3.81566611E-02
1498, 3.60000000E-01, 5.80000000E-01, 4.38920332E-03, 4.43989552E-02, 4.00097518E-02
1499, 3.80000000E-01, 5.80000000E-01, 4.05037974E-03, 4.56231988E-02, 4.15728191E-02
1500, 4.00000000E-01, 5.80000000E-01, 4.08703865E-03, 4.66673886E-02, 4.25803499E-02
1501, 4.20000000E-01, 5.80000000E-01, 3.79348033E-03, 4.75274034E-02, 4.37339231E-02
1502, 4.40000000E-01, 5.80000000E-01, 3.74911822E-03, 4.81998493E-02, 4.44507311E-02
1503, 4.60000000E-01, 5.80000000E-01, 2.98963609E-03, 4.86820725E-02, 4.56924364E-02
1504, 4.80000000E-01, 5.80000000E-01, 3.98426302E-03, 4.89721697E-02, 4.49879067E-02
1505, 5.00000000E-01, 5.80000000E-01, 4.97659885E-03, 4.90689962E-02, 4.40923973E-02
1506, 5.20000000E-01, 5.80000000E-01, 5.09588246E-03, 4.89721697E-02, 4.38762873E-02
1507, 5.40000000E-01, 5.80000000E-01, 4.91867245E-03, 4.86820725E-02, 4.37634000E-02
1508, 5.60000000E-01, 5.80000000E-01, 5.15284523E-03, 4.81998493E-02, 4.30470041E-02
1509, 5.80000000E-01, 5.80000000E-01, 4.14114019E-03, 4.75274034E-02, 4.33862632E-02
1510, 6.00000000E-01, 5.80000000E-01, 3.70906896E-03, 4.66673886E-02, 4.29583196E-02
1511, 6.20000000E-01, 5.80000000E-01, 3.75111149E-03, 4.56231988E-02, 4.18720873E-02
1512, 6.40000000E-01, 5.80000000E-01, 3.53655633E-03, 4.43989552E-02, 4.08623988E-02
1513, 6.60000000E-01, 5.80000000E-01, 2.58345646E-03, 4.29994891E-02, 4.04160327E-02
1514, 6.80000000E-01, 5.80000000E-01, 3.26144774E-03, 4.14303237E-02, 3.81688760E-02
1515, 7.00000000E-01, 5.80000000E-01, 3.91358883E-03, 3.96976518E-02, 3.57840630E-02
1516, 7.20000000E-01, 5.80000000E-01, 3.91769450E-03, 3.78083114E-02, 3.38906169E-02
1517, 7.40000000E-01, 5.80000000E-01, 3.70137779E-03, 3.57697588E-02, 3.20683810E-02
1518, 7.60000000E-01, 5.80000000E-01, 3.94230862E-03, 3.35900393E-02, 2.96477307E-02
1519, 7.80000000E-01, 5.80000000E-01, 3.40857597E-03, 3.12777553E-02, 2.78691793E-02
1520, 8.00000000E-01, 5.80000000E-01, 3.10548643E-03, 2.88420323E-02, 2.57365459E-02
1521, 8.20000000E-01, 5.80000000E-01, 3.03936550E-03, 2.62924830E-02, 2.32531174E-02
1522, 8.40000000E-01, 5.80000000E-01, 2.78519113E-03, 2.36391692E-02, 2.08539781E-02
1523, 8.60000000E-01, 5.80000000E-01, 1.89496880E-03, 2.08925624E-02, 1.89975936E-02
1524, 8.80000000E-01, 5.80000000E-01, 2.03953396E-03, 1.80635023E-02, 1.60239683E-02
1525, 9.00000000E-01, 5.80000000E-01, 2.16204647E-03, 1.51631537E-02, 1.30011072E-02
1526, 9.20000000E-01, 5.80000000E-01, 2.25308612E-03, 1.22029631E-02, 9.94987700E-03
1527, 9.40000000E-01, 5.80000000E-01, 2.12508260E-03, 9.19461301E-03, 7.06953041E-03
1528, 9.60000000E-01, 5.80000000E-01, 2.08832218E-03, 6.14997596E-03, 4.06165378E-03
1529, 9.80000000E-01, 5.80000000E-01, 1.47349372E-03, 3.08106776E-03, 1.60757404E-03
1530, 1.00000000E+00, 5.80000000E-01, 0.00000000E+00, 6.00921891E-18, 6.00921891E-18
1531, 0.00000000E+00, 6.00000000E-01, 0.00000000E+00, 0.00000000E+00, 0.00000000E+00
1532, 2.00000000E-02, 6.00000000E-01, 1.40893978E-03, 3.02531542E-03, 1.61637564E-03
1533, 4.00000000E-02, 6.00000000E-01, 1.57418962E-03, 6.03869130E-03, 4.46450168E-03
1534, 6.00000000E-02, 6.00000000E-01, 2.56462880E-03, 9.02823523E-03, 6.46360643E-03
1535, 8.00000000E-02, 6.00000000E-01, 3.58011888E-03, 1.19821488E-02, 8.40202995E-03
1536, 1.00000000E-01, 6.00000000E-01, 3.61984142E-03, 1.48887744E-02, 1.12689330E-02
1537, 1.20000000E-01, 6.00000000E-01, 3.34088668E-03, 1.77366407E-02, 1.43957540E-02
1538, 1.40000000E-01, 6.00000000E-01, 3.69982921E-03, 2.05145087E-02, 1.68146794E-02
1539, 1.60000000E-01, 6.00000000E-01, 3.12204051E-03, 2.32114152E-02, 2.00893747E-02
1540, 1.80000000E-01, 6.00000000E-01, 2.90229668E-03, 2.58167169E-02, 2.29144202E-02
1541, 2.00000000E-01, 6.00000000E-01, 2.92502460E-03, 2.83201318E-02, 2.53951072E-02
1542, 2.20000000E-01, 6.00000000E-01, 3.17126536E-03, 3.07117800E-02, 2.75405147E-02
1543, 2.40000000E-01, 6.00000000E-01, 2.74098591E-03, 3.29822230E-02, 3.02412370E-02
1544, 2.60000000E-01, 6.00000000E-01, 3.73208789E-03, 3.51225001E-02, 3.13904122E-02
1545, 2.80000000E-01, 6.00000000E-01, 4.73735177E-03, 3.71241648E-02, 3.23868130E-02
1546, 3.00000000E-01, 6.00000000E-01, 4.63067425E-03, 3.89793174E-02, 3.43486431E-02
1547, 3.20000000E-01, 6.00000000E-01, 4.28754343E-03, 4.06806364E-02, 3.63930929E-02
1548, 3.40000000E-01, 6.00000000E-01, 4.74304456E-03, 4.22214075E-02, 3.74783629E-02
1549, 3.60000000E-01, 6.00000000E-01, 4.04544665E-03, 4.35955500E-02, 3.95501034E-02
1550, 3.80000000E-01, 6.00000000E-01, 3.82549582E-03, 4.47976408E-02, 4.09721450E-02
1551, 4.00000000E-01, 6.00000000E-01, 3.74823404E-03, 4.58229358E-02, 4.20747017E-02
1552, 4.20000000E-01, 6.00000000E-01, 3.65556885E-03, 4.66673886E-02, 4.30118197E-02
1553, 4.40000000E-01, 6.00000000E-01, 3.09755140E-03, 4.73276665E-02, 4.42301151E-02
1554, 4.60000000E-01, 6.00000000E-01, 4.09960910E-03, 4.78011637E-02, 4.37015546E-02
1555, 4.80000000E-01, 6.00000000E-01, 5.00515708E-03, 4.80860116E-02, 4.30808545E-02
1556, 5.00000000E-01, 6.00000000E-01, 4.84561876E-03, 4.81810860E-02, 4.33354672E-02
1557, 5.20000000E-01, 6.00000000E-01, 4.66350475E-03, 4.80860116E-02, 4.34225068E-02
1558, 5.40000000E-01, 6.00000000E-01, 5.19588037E-03, 4.78011637E-02, 4.26052833E-02
1559, 5.60000000E-01, 6.00000000E-01, 4.40852002E-03, 4.73276665E-02, 4.29191465E-02
1560, 5.80000000E-01, 6.00000000E-01, 3.79762140E-03, 4.66673886E-02, 4.28697672E-02
1561, 6.00000000E-01, 6.00000000E-01, 3.87305713E-03, 4.58229358E-02, 4.19498786E-02
1562, 6.20000000E-01, 6.00000000E-01, 3.84982427E-03, 4.47976408E-02, 4.09478165E-02
1563, 6.40000000E-01, 6.00000000E-01, 2.89944357E-03, 4.35955500E-02, 4.06961064E-02
1564, 6.60000000E-01, 6.00000000E-01, 3.65666439E-03, 4.22214075E-02, 3.85647431E-02
1565, 6.80000000E-01, 6.00000000E-01, 4.08985494E-03, 4.06806364E-02, 3.65907814E-02
1566, 7.00000000E-01, 6.00000000E-01, 3.93552799E-03, 3.89793174E-02, 3.50437894E-02
1567, 7.20000000E-01, 6.00000000E-01, 3.72038233E-03, 3.71241648E-02, 3.34037825E-02
1568, 7.40000000E-01, 6.00000000E-01, 3.76246805E-03, 3.51225001E-02, 3.13600321E-02
1569, 7.60000000E-01, 6.00000000E-01, 3.30453610E-03, 3.29822230E-02, 2.96776869E-02
1570, 7.80000000E-01, 6.00000000E-01, 3.46330990E-03, 3.07117800E-02, 2.72484701E-02
1571, 8.00000000E-01, 6.00000000E-01, 3.68824947E-03, 2.83201318E-02, 2.46318823E-02
1572, 8.20000000E-01, 6.00000000E-01, 3.17414283E-03, 2.58167169E-02, 2.26425740E-02
1573, 8.40000000E-01, 6.00000000E-01, 2.25580248E-03, 2.32114152E-02, 2.09556127E-02
1574, 8.60000000E-01, 6.00000000E-01, 2.45272428E-03, 2.05145087E-02, 1.80617844E-02
1575, 8.80000000E-01, 6.00000000E-01, 2.73517921E-03, 1.77366407E-02, 1.50014615E-02
1576, 9.00000000E-01, 6.00000000E-01, 2.76095341E-03, 1.48887744E-02, 1.21278210E-02
1577, 9.20000000E-01, 6.00000000E-01, 2.19058270E-03, 1.19821488E-02, 9.79156613E-03
1578, 9.40000000E-01, 6.00000000E-01, 2.04651224E-03, 9.02823523E-03, 6.98172299E-03
1579, 9.60000000E-01, 6.00000000E-01, 1.64739403E-03, 6.03869130E-03, 4.39129727E-03
1580, 9.80000000E-01, 6.00000000E-01, 8.76387733E-04, 3.02531542E-03, 2.14892769E-03
1581, 1.00000000E+00, 6.00000000E-01, 0.00000000E+00, 5.90048127E-18, 5.90048127E-18
1582, 0.00000000E+00, 6.20000000E-01, 0.00000000E+00, 0.00000000E+00, 0.00000000E+00
1583, 2.00000000E-02, 6.20000000E-01, 1.25934560E-03, 2.95762354E-03, 1.69827794E-03
1584, 4.00000000E-02, 6.20000000E-01, 2.42708659E-03, 5.90357469E-03, 3.47648809E-03
1585, 6.00000000E-02, 6.20000000E-01, 3.15651701E-03, 8.82622713E-03, 5.66971011E-03
1586, 8.00000000E-02, 6.20000000E-01, 2.96329500E-03, 1.17140465E-02, 8.75075147E-03
1587, 1.00000000E-01, 6.20000000E-01, 2.63516085E-03, 1.45556358E-02, 1.19204750E-02
1588, 1.20000000E-01, 6.20000000E-01, 2.48306062E-03, 1.73397808E-02, 1.48567201E-02
1589, 1.40000000E-01, 6.20000000E-01, 2.20535895E-03, 2.00554935E-02, 1.78501345E-02
1590, 1.60000000E-01, 6.20000000E-01, 2.64414977E-03, 2.26920563E-02, 2.00479066E-02
1591, 1.80000000E-01, 6.20000000E-01, 2.85732600E-03, 2.52390640E-02, 2.23817380E-02
1592, 2.00000000E-01, 6.20000000E-01, 2.62521263E-03, 2.76864646E-02, 2.50612520E-02
1593, 2.20000000E-01, 6.20000000E-01, 3.01199546E-03, 3.00245994E-02, 2.70126040E-02
1594, 2.40000000E-01, 6.20000000E-01, 3.90040840E-03, 3.22442408E-02, 2.83438324E-02
1595, 2.60000000E-01, 6.20000000E-01, 4.54328784E-03, 3.43366290E-02, 2.97933411E-02
1596, 2.80000000E-01, 6.20000000E-01, 4.24251149E-03, 3.62935061E-02, 3.20509946E-02
1597, 3.00000000E-01, 6.20000000E-01, 3.95624305E-03, 3.81071494E-02, 3.41509063E-02
1598, 3.20000000E-01, 6.20000000E-01, 3.86354389E-03, 3.97704011E-02, 3.59068572E-02
1599, 3.40000000E-01, 6.20000000E-01, 3.29853349E-03, 4.12766972E-02, 3.79781638E-02
1600, 3.60000000E-01, 6.20000000E-01, 3.75422799E-03, 4.26200931E-02, 3.88658651E-02
1601, 3.80000000E-01, 6.20000000E-01, 4.11561261E-03, 4.37952870E-02, 3.96796743E-02
1602, 4.00000000E-01, 6.20000000E-01, 3.59192002E-03, 4.47976408E-02, 4.12057208E-02
1603, 4.20000000E-01, 6.20000000E-01, 3.38624414E-03, 4.56231988E-02, 4.22369547E-02
1604, 4.40000000E-01, 6.20000000E-01, 4.23188881E-03, 4.62687029E-02, 4.20368141E-02
1605, 4.60000000E-01, 6.20000000E-01, 4.76429492E-03, 4.67316056E-02, 4.19673107E-02
1606, 4.80000000E-01, 6.20000000E-01, 4.68312973E-03, 4.70100800E-02, 4.23269502E-02
1607, 5.00000000E-01, 6.20000000E-01, 4.50637453E-03, 4.71030270E-02, 4.25966525E-02
1608, 5.20000000E-01, 6.20000000E-01, 4.42331298E-03, 4.70100800E-02, 4.25867670E-02
1609, 5.40000000E-01, 6.20000000E-01, 4.01973660E-03, 4.67316056E-02, 4.27118690E-02
1610, 5.60000000E-01, 6.20000000E-01, 4.09787341E-03, 4.62687029E-02, 4.21708295E-02
1611, 5.80000000E-01, 6.20000000E-01, 3.99246002E-03, 4.56231988E-02, 4.16307388E-02
1612, 6.00000000E-01, 6.20000000E-01, 3.91084411E-03, 4.47976408E-02, 4.08867967E-02
1613, 6.20000000E-01, 6.20000000E-01, 3.63672496E-03, 4.37952870E-02, 4.01585620E-02
1614, 6.40000000E-01, 6.20000000E-01, 3.89203953E-03, 4.26200931E-02, 3.87280536E-02
1615, 6.60000000E-01, 6.20000000E-01, 4.34919350E-03, 4.12766972E-02, 3.69275037E-02
1616, 6.80000000E-01, 6.20000000E-01, 4.11043491E-03, 3.97704011E-02, 3.56599662E-02
1617, 7.00000000E-01, 6.20000000E-01, 3.62556298E-03, 3.81071494E-02, 3.44815864E-02
1618, 7.20000000E-01, 6.20000000E-01, 3.54108621E-03, 3.62935061E-02, 3.27524199E-02
1619, 7.40000000E-01, 6.20000000E-01, 3.24325485E-03, 3.43366290E-02, 3.10933741E-02
1620, 7.60000000E-01, 6.20000000E-01, 3.47277171E-03, 3.22442408E-02, 2.87714691E-02
1621, 7.80000000E-01, 6.20000000E-01, 3.77071951E-03, 3.00245994E-02, 2.62538799E-02
1622, 8.00000000E-01, 6.20000000E-01, 3.35822404E-03, 2.76864646E-02, 2.43282406E-02
1623, 8.20000000E-01, 6.20000000E-01, 2.91370511E-03, 2.52390640E-02, 2.23253589E-02
1624, 8.40000000E-01, 6.20000000E-01, 2.73940173E-03, 2.26920563E-02, 1.99526546E-02
1625, 8.60000000E-01, 6.20000000E-01, 2.83045822E-03, 2.00554935E-02, 1.72250353E-02
1626, 8.80000000E-01, 6.20000000E-01, 2.65378344E-03, 1.73397808E-02, 1.46859973E-02
1627, 9.00000000E-01, 6.20000000E-01, 2.08874598E-03, 1.45556358E-02, 1.24668899E-02
1628, 9.20000000E-01, 6.20000000E-01, 2.04246574E-03, 1.17140465E-02, 9.67158074E-03
1629, 9.40000000E-01, 6.20000000E-01, 1.98251840E-03, 8.82622713E-03, 6.84370873E-03
1630, 9.60000000E-01, 6.20000000E-01, 1.44819552E-03, 5.90357469E-03, 4.45537917E-03
1631, 9.80000000E-01, 6.20000000E-01, 9.25120096E-04, 2.95762354E-03, 2.03250344E-03
1632, 1.00000000E+00, 6.20000000E-01, 0.00000000E+00, 5.76845713E-18, 5.76845713E-18
1633, 0.00000000E+00, 6.40000000E-01, 0.00000000E+00, 0.00000000E+00, 0.00000000E+00
1634, 2.00000000E-02, 6.40000000E-01, 1.79090987E-03, 2.87825927E-03, 1.08734940E-03
1635, 4.00000000E-02, 6.40000000E-01, 2.50194914E-03, 5.74515936E-03, 3.24321023E-03
1636, 6.00000000E-02, 6.40000000E-01, 3.41574047E-03, 8.58938594E-03, 5.17364547E-03
1637, 8.00000000E-02, 6.40000000E-01, 2.60281055E-03, 1.13997141E-02, 8.79690359E-03
1638, 1.00000000E-01, 6.40000000E-01, 1.96180779E-03, 1.41650529E-02, 1.22032451E-02
1639, 1.20000000E-01, 6.40000000E-01, 1.83368139E-03, 1.68744886E-02, 1.50408072E-02
1640, 1.40000000E-01, 6.40000000E-01, 2.29303433E-03, 1.95173284E-02, 1.72242941E-02
1641, 1.60000000E-01, 6.40000000E-01, 2.29985747E-03, 2.20831423E-02, 1.97832848E-02
1642, 1.80000000E-01, 6.40000000E-01, 2.36754648E-03, 2.45618041E-02, 2.21942576E-02
1643, 2.00000000E-01, 6.40000000E-01, 2.45374619E-03, 2.69435317E-02, 2.44897855E-02
1644, 2.20000000E-01, 6.40000000E-01, 3.62541491E-03, 2.92189254E-02, 2.55935105E-02
1645, 2.40000000E-01, 6.40000000E-01, 4.27752688E-03, 3.13790054E-02, 2.71014785E-02
1646, 2.60000000E-01, 6.40000000E-01, 4.86403052E-03, 3.34152468E-02, 2.85512163E-02
1647, 2.80000000E-01, 6.40000000E-01, 4.06631588E-03, 3.53196135E-02, 3.12532977E-02
1648, 3.00000000E-01, 6.40000000E-01, 3.77324931E-03, 3.70845899E-02, 3.33113405E-02
1649, 3.20000000E-01, 6.40000000E-01, 3.76975211E-03, 3.87032102E-02, 3.49334581E-02
1650, 3.40000000E-01, 6.40000000E-01, 3.78216916E-03, 4.01690867E-02, 3.63869176E-02
1651, 3.60000000E-01, 6.40000000E-01, 3.68681485E-03, 4.14764342E-02, 3.77896193E-02
1652, 3.80000000E-01, 6.40000000E-01, 3.87045052E-03, 4.26200931E-02, 3.87496426E-02
1653, 4.00000000E-01, 6.40000000E-01, 3.74457697E-03, 4.35955500E-02, 3.98509730E-02
1654, 4.20000000E-01, 6.40000000E-01, 3.92496798E-03, 4.43989552E-02, 4.04739872E-02
1655, 4.40000000E-01, 6.40000000E-01, 4.76163185E-03, 4.50271379E-02, 4.02655061E-02
1656, 4.60000000E-01, 6.40000000E-01, 4.66347830E-03, 4.54776192E-02, 4.08141409E-02
1657, 4.80000000E-01, 6.40000000E-01, 4.78687533E-03, 4.57486210E-02, 4.09617457E-02
1658, 5.00000000E-01, 6.40000000E-01, 4.78050498E-03, 4.58390740E-02, 4.10585690E-02
1659, 5.20000000E-01, 6.40000000E-01, 4.28776616E-03, 4.57486210E-02, 4.14608549E-02
1660, 5.40000000E-01, 6.40000000E-01, 4.17325667E-03, 4.54776192E-02, 4.13043625E-02
1661, 5.60000000E-01, 6.40000000E-01, 3.94516102E-03, 4.50271379E-02, 4.10819769E-02
1662, 5.80000000E-01, 6.40000000E-01, 3.95682226E-03, 4.43989552E-02, 4.04421329E-02
1663, 6.00000000E-01, 6.40000000E-01, 4.44854110E-03, 4.35955500E-02, 3.91470089E-02
1664, 6.20000000E-01, 6.40000000E-01, 4.02805845E-03, 4.26200931E-02, 3.85920347E-02
1665, 6.40000000E-01, 6.40000000E-01, 4.16565694E-03, 4.14764342E-02, 3.73107773E-02
1666, 6.60000000E-01, 6.40000000E-01, 4.45598913E-03, 4.01690867E-02, 3.57130976E-02
1667, 6.80000000E-01, 6.40000000E-01, 4.00954623E-03, 3.87032102E-02, 3.46936640E-02
1668, 7.00000000E-01, 6.40000000E-01, 3.74007867E-03, 3.70845899E-02, 3.33445112E-02
1669, 7.20000000E-01, 6.40000000E-01, 3.42656674E-03, 3.53196135E-02, 3.18930468E-02
1670, 7.40000000E-01, 6.40000000E-01, 3.32730110E-03, 3.34152468E-02, 3.00879457E-02
1671, 7.60000000E-01, 6.40000000E-01, 3.61618446E-03, 3.13790054E-02, 2.77628210E-02
1672, 7.80000000E-01, 6.40000000E-01, 3.37421131E-03, 2.92189254E-02, 2.58447141E-02
1673, 8.00000000E-01, 6.40000000E-01, 3.32786005E-03, 2.69435317E-02, 2.36156716E-02
1674, 8.20000000E-01, 6.40000000E-01, 3.41802816E-03, 2.45618041E-02, 2.11437759E-02
1675, 8.40000000E-01, 6.40000000E-01, 2.92012368E-03, 2.20831423E-02, 1.91630186E-02
1676, 8.60000000E-01, 6.40000000E-01, 2.73599558E-03, 1.95173284E-02, 1.67813329E-02
1677, 8.80000000E-01, 6.40000000E-01, 2.48602685E-03, 1.68744886E-02, 1.43884617E-02
1678, 9.00000000E-01, 6.40000000E-01, 2.04853924E-03, 1.41650529E-02, 1.21165136E-02
1679, 9.20000000E-01, 6.40000000E-01, 1.91303785E-03, 1.13997141E-02, 9.48667628E-03
1680, 9.40000000E-01, 6.40000000E-01, 1.86402020E-03, 8.58938594E-03, 6.72536574E-03
1681, 9.60000000E-01, 6.40000000E-01, 1.69790509E-03, 5.74515936E-03, 4.04725427E-03
1682, 9.80000000E-01, 6.40000000E-01, 1.21176749E-03, 2.87825927E-03, 1.66649178E-03
1683, 1.00000000E+00, 6.40000000E-01, 0.00000000E+00, 5.61366752E-18, 5.61366752E-18
1684, 0.00000000E+00, 6.60000000E-01, 0.00000000E+00, 0.00000000E+00, 0.00000000E+00
1685, 2.00000000E-02, 6.60000000E-01, 9.22884713E-04, 2.78753583E-03, 1.86465111E-03
1686, 4.00000000E-02, 6.60000000E-01, 1.83835025E-03, 5.56407052E-03, 3.72572027E-03
1687, 6.00000000E-02, 6.60000000E-01, 2.69436321E-03, 8.31864637E-03, 5.62428316E-03
1688, 8.00000000E-02, 6.60000000E-01, 2.14809219E-03, 1.10403923E-02, 8.89230014E-03
1689, 1.00000000E-01, 6.60000000E-01, 2.10388513E-03, 1.37185669E-02, 1.16146818E-02
1690, 1.20000000E-01, 6.60000000E-01, 2.15913092E-03, 1.63426005E-02, 1.41834696E-02
1691, 1.40000000E-01, 6.60000000E-01, 2.28067388E-03, 1.89021374E-02, 1.66214635E-02
1692, 1.60000000E-01, 6.60000000E-01, 2.61484907E-03, 2.13870762E-02, 1.87722271E-02
1693, 1.80000000E-01, 6.60000000E-01, 2.80060612E-03, 2.37876100E-02, 2.09870038E-02
1694, 2.00000000E-01, 6.60000000E-01, 3.00036475E-03, 2.60942649E-02, 2.30939001E-02
1695, 2.20000000E-01, 6.60000000E-01, 3.53106531E-03, 2.82979377E-02, 2.47668724E-02
1696, 2.40000000E-01, 6.60000000E-01, 3.33130947E-03, 3.03899314E-02, 2.70586219E-02
1697, 2.60000000E-01, 6.60000000E-01, 3.29299197E-03, 3.23619900E-02, 2.90689980E-02
1698, 2.80000000E-01, 6.60000000E-01, 3.39613223E-03, 3.42063306E-02, 3.08101983E-02
1699, 3.00000000E-01, 6.60000000E-01, 3.49976888E-03, 3.59156744E-02, 3.24159055E-02
1700, 3.20000000E-01, 6.60000000E-01, 4.49892271E-03, 3.74832755E-02, 3.29843528E-02
1701, 3.40000000E-01, 6.60000000E-01, 4.20853897E-03, 3.89029472E-02, 3.46944082E-02
1702, 3.60000000E-01, 6.60000000E-01, 3.70335150E-03, 4.01690867E-02, 3.64657352E-02
1703, 3.80000000E-01, 6.60000000E-01, 4.08668404E-03, 4.12766972E-02, 3.71900132E-02
1704, 4.00000000E-01, 6.60000000E-01, 3.86984171E-03, 4.22214075E-02, 3.83515658E-02
1705, 4.20000000E-01, 6.60000000E-01, 3.71187759E-03, 4.29994891E-02, 3.92876115E-02
1706, 4.40000000E-01, 6.60000000E-01, 3.89676618E-03, 4.36078714E-02, 3.97111052E-02
1707, 4.60000000E-01, 6.60000000E-01, 4.15161079E-03, 4.40441534E-02, 3.98925426E-02
1708, 4.80000000E-01, 6.60000000E-01, 4.88011040E-03, 4.43066132E-02, 3.94265028E-02
1709, 5.00000000E-01, 6.60000000E-01, 4.78218540E-03, 4.43942150E-02, 3.96120296E-02
1710, 5.20000000E-01, 6.60000000E-01, 4.14337495E-03, 4.43066132E-02, 4.01632382E-02
1711, 5.40000000E-01, 6.60000000E-01, 4.35744167E-03, 4.40441534E-02, 3.96867117E-02
1712, 5.60000000E-01, 6.60000000E-01, 4.11914679E-03, 4.36078714E-02, 3.94887246E-02
1713, 5.80000000E-01, 6.60000000E-01, 3.63457909E-03, 4.29994891E-02, 3.93649100E-02
1714, 6.00000000E-01, 6.60000000E-01, 3.61880787E-03, 4.22214075E-02, 3.86025996E-02
1715, 6.20000000E-01, 6.60000000E-01, 3.44656544E-03, 4.12766972E-02, 3.78301318E-02
1716, 6.40000000E-01, 6.60000000E-01, 4.51896863E-03, 4.01690867E-02, 3.56501181E-02
1717, 6.60000000E-01, 6.60000000E-01, 4.19108474E-03, 3.89029472E-02, 3.47118624E-02
1718, 6.80000000E-01, 6.60000000E-01, 3.56412401E-03, 3.74832755E-02, 3.39191515E-02
1719, 7.00000000E-01, 6.60000000E-01, 3.59874491E-03, 3.59156744E-02, 3.23169295E-02
1720, 7.20000000E-01, 6.60000000E-01, 3.37741061E-03, 3.42063306E-02, 3.08289200E-02
1721, 7.40000000E-01, 6.60000000E-01, 2.92933954E-03, 3.23619900E-02, 2.94326505E-02
1722, 7.60000000E-01, 6.60000000E-01, 2.86817703E-03, 3.03899314E-02, 2.75217544E-02
1723, 7.80000000E-01, 6.60000000E-01, 2.71387834E-03, 2.82979377E-02, 2.55840593E-02
1724, 8.00000000E-01, 6.60000000E-01, 3.54232930E-03, 2.60942649E-02, 2.25519356E-02
1725, 8.20000000E-01, 6.60000000E-01, 3.09448211E-03, 2.37876100E-02, 2.06931278E-02
1726, 8.40000000E-01, 6.60000000E-01, 2.41833679E-03, 2.13870762E-02, 1.89687394E-02
1727, 8.60000000E-01, 6.60000000E-01, 2.30523648E-03, 1.89021374E-02, 1.65969009E-02
1728, 8.80000000E-01, 6.60000000E-01, 2.27837664E-03, 1.63426005E-02, 1.40642239E-02
1729, 9.00000000E-01, 6.60000000E-01, 1.85738037E-03, 1.37185669E-02, 1.18611865E-02
1730, 9.20000000E-01, 6.60000000E-01, 1.71812342E-03, 1.10403923E-02, 9.32226891E-03
1731, 9.40000000E-01, 6.60000000E-01, 1.42978959E-03, 8.31864637E-03, 6.88885678E-03
1732, 9.60000000E-01, 6.60000000E-01, 1.80177911E-03, 5.56407052E-03, 3.76229141E-03
1733, 9.80000000E-01, 6.60000000E-01, 1.08969521E-03, 2.78753583E-03, 1.69784062E-03
1734, 1.00000000E+00, 6.60000000E-01, 0.00000000E+00, 5.43672333E-18, 5.43672333E-18
1735, 0.00000000E+00, 6.80000000E-01, 0.00000000E+00, 0.00000000E+00, 0.00000000E+00
1736, 2.00000000E-02, 6.80000000E-01, 7.35909973E-04, 2.68581125E-03, 1.94990128E-03
1737, 4.00000000E-02, 6.80000000E-01, 1.05459457E-03, 5.36102283E-03, 4.30642826E-03
1738, 6.00000000E-02, 6.80000000E-01, 1.21155867E-03, 8.01507691E-03, 6.80351824E-03
1739, 8.00000000E-02, 6.80000000E-01, 1.53600488E-03, 1.06374991E-02, 9.10149425E-03
1740, 1.00000000E-01, 6.80000000E-01, 2.00686996E-03, 1.32179400E-02, 1.12110701E-02
1741, 1.20000000E-01, 6.80000000E-01, 2.12616399E-03, 1.57462157E-02, 1.36200517E-02
1742, 1.40000000E-01, 6.80000000E-01, 2.41943066E-03, 1.82123483E-02, 1.57929176E-02
1743, 1.60000000E-01, 6.80000000E-01, 3.08002299E-03, 2.06066051E-02, 1.75265821E-02
1744, 1.80000000E-01, 6.80000000E-01, 2.72630613E-03, 2.29195370E-02, 2.01932309E-02
1745, 2.00000000E-01, 6.80000000E-01, 2.36928257E-03, 2.51420160E-02, 2.27727334E-02
1746, 2.20000000E-01, 6.80000000E-01, 2.31162294E-03, 2.72652709E-02, 2.49536479E-02
1747, 2.40000000E-01, 6.80000000E-01, 2.42754253E-03, 2.92809222E-02, 2.68533797E-02
1748, 2.60000000E-01, 6.80000000E-01, 3.19460542E-03, 3.11810152E-02, 2.79864097E-02
1749, 2.80000000E-01, 6.80000000E-01, 3.00620349E-03, 3.29580509E-02, 2.99518474E-02
1750, 3.00000000E-01, 6.80000000E-01, 3.37695778E-03, 3.46050162E-02, 3.12280584E-02
1751, 3.20000000E-01, 6.80000000E-01, 4.08394650E-03, 3.61154114E-02, 3.20314649E-02
1752, 3.40000000E-01, 6.80000000E-01, 3.71038315E-03, 3.74832755E-02, 3.37728923E-02
1753, 3.60000000E-01, 6.80000000E-01, 3.17908991E-03, 3.87032102E-02, 3.55241203E-02
1754, 3.80000000E-01, 6.80000000E-01, 3.11952897E-03, 3.97704011E-02, 3.66508721E-02
1755, 4.00000000E-01, 6.80000000E-01, 3.01223240E-03, 4.06806364E-02, 3.76684040E-02
1756, 4.20000000E-01, 6.80000000E-01, 3.89260708E-03, 4.14303237E-02, 3.75377167E-02
1757, 4.40000000E-01, 6.80000000E-01, 3.67331897E-03, 4.20165046E-02, 3.83431856E-02
1758, 4.60000000E-01, 6.80000000E-01, 4.25304219E-03, 4.24368654E-02, 3.81838232E-02
1759, 4.80000000E-01, 6.80000000E-01, 4.24790214E-03, 4.26897474E-02, 3.84418452E-02
1760, 5.00000000E-01, 6.80000000E-01, 3.80170054E-03, 4.27741524E-02, 3.89724519E-02
1761, 5.20000000E-01, 6.80000000E-01, 3.78916959E-03, 4.26897474E-02, 3.89005778E-02
1762, 5.40000000E-01, 6.80000000E-01, 3.87868506E-03, 4.24368654E-02, 3.85581804E-02
1763, 5.60000000E-01, 6.80000000E-01, 3.79674448E-03, 4.20165046E-02, 3.82197601E-02
1764, 5.80000000E-01, 6.80000000E-01, 3.48414754E-03, 4.14303237E-02, 3.79461762E-02
1765, 6.00000000E-01, 6.80000000E-01, 3.06978947E-03, 4.06806364E-02, 3.76108469E-02
1766, 6.20000000E-01, 6.80000000E-01, 3.70121681E-03, 3.97704011E-02, 3.60691843E-02
1767, 6.40000000E-01, 6.80000000E-01, 3.69868784E-03, 3.87032102E-02, 3.50045224E-02
1768, 6.60000000E-01, 6.80000000E-01, 3.31102907E-03, 3.74832755E-02, 3.41722464E-02
1769, 6.80000000E-01, 6.80000000E-01, 3.19294502E-03, 3.61154114E-02, 3.29224663E-02
1770, 7.00000000E-01, 6.80000000E-01, 3.17133421E-03, 3.46050162E-02, 3.14336820E-02
1771, 7.20000000E-01, 6.80000000E-01, 3.05629213E-03, 3.29580509E-02, 2.99017587E-02
1772, 7.40000000E-01, 6.80000000E-01, 2.84727093E-03, 3.11810152E-02, 2.83337442E-02
1773, 7.60000000E-01, 6.80000000E-01, 2.56940271E-03, 2.92809222E-02, 2.67115195E-02
1774, 7.80000000E-01, 6.80000000E-01, 2.90499538E-03, 2.72652709E-02, 2.43602755E-02
1775, 8.00000000E-01, 6.80000000E-01, 2.70521132E-03, 2.51420160E-02, 2.24368046E-02
1776, 8.20000000E-01, 6.80000000E-01, 2.24474916E-03, 2.29195370E-02, 2.06747878E-02
1777, 8.40000000E-01, 6.80000000E-01, 2.13008627E-03, 2.06066051E-02, 1.84765188E-02
1778, 8.60000000E-01, 6.80000000E-01, 2.28651207E-03, 1.82123483E-02, 1.59258362E-02
1779, 8.80000000E-01, 6.80000000E-01, 2.37035552E-03, 1.57462157E-02, 1.33758602E-02
1780, 9.00000000E-01, 6.80000000E-01, 1.82957091E-03, 1.32179400E-02, 1.13883691E-02
1781, 9.20000000E-01, 6.80000000E-01, 1.39409720E-03, 1.06374991E-02, 9.24340194E-03
1782, 9.40000000E-01, 6.80000000E-01, 1.38626538E-03, 8.01507691E-03, 6.62881152E-03
1783, 9.60000000E-01, 6.80000000E-01, 1.27873561E-03, 5.36102283E-03, 4.08228722E-03
1784, 9.80000000E-01, 6.80000000E-01, 6.31257564E-04, 2.68581125E-03, 2.05455369E-03
1785, 1.00000000E+00, 6.80000000E-01, 0.00000000E+00, 5.23832288E-18, 5.23832288E-18
1786, 0.00000000E+00, 7.00000000E-01, 0.00000000E+00, 0.00000000E+00, 0.00000000E+00
1787, 2.00000000E-02, 7.00000000E-01, 6.37535997E-04, 2.57348701E-03, 1.93595101E-03
1788, 4.00000000E-02, 7.00000000E-01, 9.41020415E-04, 5.13681764E-03, 4.19579722E-03
1789, 6.00000000E-02, 7.00000000E-01, 1.22592258E-03, 7.67987559E-03, 6.45395302E-03
1790, 8.00000000E-02, 7.00000000E-01, 1.89798106E-03, 1.01926246E-02, 8.29464353E-03
1791, 1.00000000E-01, 7.00000000E-01, 2.03628897E-03, 1.26651480E-02, 1.06288590E-02
1792, 1.20000000E-01, 7.00000000E-01, 1.76966671E-03, 1.50876878E-02, 1.33180211E-02
1793, 1.40000000E-01, 7.00000000E-01, 1.96997964E-03, 1.74506834E-02, 1.54807037E-02
1794, 1.60000000E-01, 7.00000000E-01, 2.11655629E-03, 1.97448091E-02, 1.76282528E-02
1795, 1.80000000E-01, 7.00000000E-01, 2.33382444E-03, 2.19610111E-02, 1.96271866E-02
1796, 2.00000000E-01, 7.00000000E-01, 2.37378925E-03, 2.40905430E-02, 2.17167537E-02
1797, 2.20000000E-01, 7.00000000E-01, 2.41688203E-03, 2.61250005E-02, 2.37081185E-02
1798, 2.40000000E-01, 7.00000000E-01, 3.05821427E-03, 2.80563546E-02, 2.49981404E-02
1799, 2.60000000E-01, 7.00000000E-01, 3.04642630E-03, 2.98769831E-02, 2.68305568E-02
1800, 2.80000000E-01, 7.00000000E-01, 2.56320244E-03, 3.15797008E-02, 2.90164984E-02
1801, 3.00000000E-01, 7.00000000E-01, 2.85927494E-03, 3.31577878E-02, 3.02985129E-02
1802, 3.20000000E-01, 7.00000000E-01, 3.23379142E-03, 3.46050162E-02, 3.13712248E-02
1803, 3.40000000E-01, 7.00000000E-01, 3.54054005E-03, 3.59156744E-02, 3.23751344E-02
1804, 3.60000000E-01, 7.00000000E-01, 3.33101277E-03, 3.70845899E-02, 3.37535771E-02
1805, 3.80000000E-01, 7.00000000E-01, 3.12291880E-03, 3.81071494E-02, 3.49842306E-02
1806, 4.00000000E-01, 7.00000000E-01, 3.64960619E-03, 3.89793174E-02, 3.53297112E-02
1807, 4.20000000E-01, 7.00000000E-01, 3.46953074E-03, 3.96976518E-02, 3.62281211E-02
1808, 4.40000000E-01, 7.00000000E-01, 3.09668507E-03, 4.02593177E-02, 3.71626327E-02
1809, 4.60000000E-01, 7.00000000E-01, 3.51735855E-03, 4.06620986E-02, 3.71447400E-02
1810, 4.80000000E-01, 7.00000000E-01, 3.86406675E-03, 4.09044046E-02, 3.70403379E-02
1811, 5.00000000E-01, 7.00000000E-01, 3.97097680E-03, 4.09852797E-02, 3.70143029E-02
1812, 5.20000000E-01, 7.00000000E-01, 3.49427769E-03, 4.09044046E-02, 3.74101270E-02
1813, 5.40000000E-01, 7.00000000E-01, 3.19735677E-03, 4.06620986E-02, 3.74647418E-02
1814, 5.60000000E-01, 7.00000000E-01, 3.67658098E-03, 4.02593177E-02, 3.65827368E-02
1815, 5.80000000E-01, 7.00000000E-01, 3.36296192E-03, 3.96976518E-02, 3.63346899E-02
1816, 6.00000000E-01, 7.00000000E-01, 3.00387936E-03, 3.89793174E-02, 3.59754380E-02
1817, 6.20000000E-01, 7.00000000E-01, 3.18915033E-03, 3.81071494E-02, 3.49179990E-02
1818, 6.40000000E-01, 7.00000000E-01, 3.44857179E-03, 3.70845899E-02, 3.36360181E-02
1819, 6.60000000E-01, 7.00000000E-01, 3.60946078E-03, 3.59156744E-02, 3.23062136E-02
1820, 6.80000000E-01, 7.00000000E-01, 3.05847640E-03, 3.46050162E-02, 3.15465398E-02
1821, 7.00000000E-01, 7.00000000E-01, 2.75594480E-03, 3.31577878E-02, 3.04018430E-02
1822, 7.20000000E-01, 7.00000000E-01, 2.81143008E-03, 3.15797008E-02, 2.87682707E-02
1823, 7.40000000E-01, 7.00000000E-01, 2.78069244E-03, 2.98769831E-02, 2.70962907E-02
1824, 7.60000000E-01, 7.00000000E-01, 2.96918880E-03, 2.80563546E-02, 2.50871658E-02
1825, 7.80000000E-01, 7.00000000E-01, 2.80056520E-03, 2.61250005E-02, 2.33244353E-02
1826, 8.00000000E-01, 7.00000000E-01, 2.71850521E-03, 2.40905430E-02, 2.13720378E-02
1827, 8.20000000E-01, 7.00000000E-01, 2.17613137E-03, 2.19610111E-02, 1.97848797E-02
1828, 8.40000000E-01, 7.00000000E-01, 1.95168293E-03, 1.97448091E-02, 1.77931262E-02
1829, 8.60000000E-01, 7.00000000E-01, 2.05639638E-03, 1.74506834E-02, 1.53942870E-02
1830, 8.80000000E-01, 7.00000000E-01, 1.82034689E-03, 1.50876878E-02, 1.32673409E-02
1831, 9.00000000E-01, 7.00000000E-01, 1.54656115E-03, 1.26651480E-02, 1.11185868E-02
1832, 9.20000000E-01, 7.00000000E-01, 1.42131977E-03, 1.01926246E-02, 8.77130482E-03
1833, 9.40000000E-01, 7.00000000E-01, 1.30136532E-03, 7.67987559E-03, 6.37851028E-03
1834, 9.60000000E-01, 7.00000000E-01, 1.24050520E-03, 5.13681764E-03, 3.89631244E-03
1835, 9.80000000E-01, 7.00000000E-01, 6.62073427E-04, 2.57348701E-03, 1.91141358E-03
1836, 1.00000000E+00, 7.00000000E-01, 0.00000000E+00, 5.01924916E-18, 5.01924916E-18
1837, 0.00000000E+00, 7.20000000E-01, 0.00000000E+00, 0.00000000E+00, 0.00000000E+00
1838, 2.00000000E-02, 7.20000000E-01, 6.21409263E-04, 2.45100639E-03, 1.82959712E-03
1839, 4.00000000E-02, 7.20000000E-01, 1.17642229E-03, 4.89233977E-03, 3.71591748E-03
1840, 6.00000000E-02, 7.20000000E-01, 1.57039237E-03, 7.31436532E-03, 5.74397295E-03
1841, 8.00000000E-02, 7.20000000E-01, 1.50267396E-03, 9.70752442E-03, 8.20485045E-03
1842, 1.00000000E-01, 7.20000000E-01, 1.40665837E-03, 1.20623723E-02, 1.06557140E-02
1843, 1.20000000E-01, 7.20000000E-01, 1.34817427E-03, 1.43696156E-02, 1.30214413E-02
1844, 1.40000000E-01, 7.20000000E-01, 1.54677789E-03, 1.66201486E-02, 1.50733707E-02
1845, 1.60000000E-01, 7.20000000E-01, 1.84384704E-03, 1.88050894E-02, 1.69612423E-02
1846, 1.80000000E-01, 7.20000000E-01, 2.18507002E-03, 2.09158151E-02, 1.87307451E-02
1847, 2.00000000E-01, 7.20000000E-01, 2.54339063E-03, 2.29439956E-02, 2.04006050E-02
1848, 2.20000000E-01, 7.20000000E-01, 3.03621389E-03, 2.48816267E-02, 2.18454128E-02
1849, 2.40000000E-01, 7.20000000E-01, 2.87642292E-03, 2.67210614E-02, 2.38446385E-02
1850, 2.60000000E-01, 7.20000000E-01, 2.56027822E-03, 2.84550403E-02, 2.58947620E-02
1851, 2.80000000E-01, 7.20000000E-01, 2.06575562E-03, 3.00767201E-02, 2.80109644E-02
1852, 3.00000000E-01, 7.20000000E-01, 2.32324671E-03, 3.15797008E-02, 2.92564541E-02
1853, 3.20000000E-01, 7.20000000E-01, 2.91440788E-03, 3.29580509E-02, 3.00436430E-02
1854, 3.40000000E-01, 7.20000000E-01, 3.40184930E-03, 3.42063306E-02, 3.08044813E-02
1855, 3.60000000E-01, 7.20000000E-01, 3.57113034E-03, 3.53196135E-02, 3.17484832E-02
1856, 3.80000000E-01, 7.20000000E-01, 3.83415017E-03, 3.62935061E-02, 3.24593559E-02
1857, 4.00000000E-01, 7.20000000E-01, 3.57696578E-03, 3.71241648E-02, 3.35471990E-02
1858, 4.20000000E-01, 7.20000000E-01, 3.36068465E-03, 3.78083114E-02, 3.44476267E-02
1859, 4.40000000E-01, 7.20000000E-01, 2.74388962E-03, 3.83432458E-02, 3.55993562E-02
1860, 4.60000000E-01, 7.20000000E-01, 3.05436393E-03, 3.87268570E-02, 3.56724930E-02
1861, 4.80000000E-01, 7.20000000E-01, 3.47925793E-03, 3.89576309E-02, 3.54783730E-02
1862, 5.00000000E-01, 7.20000000E-01, 3.23610171E-03, 3.90346569E-02, 3.57985552E-02
1863, 5.20000000E-01, 7.20000000E-01, 3.26991892E-03, 3.89576309E-02, 3.56877120E-02
1864, 5.40000000E-01, 7.20000000E-01, 3.62333052E-03, 3.87268570E-02, 3.51035264E-02
1865, 5.60000000E-01, 7.20000000E-01, 3.27960537E-03, 3.83432458E-02, 3.50636404E-02
1866, 5.80000000E-01, 7.20000000E-01, 3.71354406E-03, 3.78083114E-02, 3.40947673E-02
1867, 6.00000000E-01, 7.20000000E-01, 3.31098310E-03, 3.71241648E-02, 3.38131817E-02
1868, 6.20000000E-01, 7.20000000E-01, 2.75549892E-03, 3.62935061E-02, 3.35380072E-02
1869, 6.40000000E-01, 7.20000000E-01, 2.87428812E-03, 3.53196135E-02, 3.24453254E-02
1870, 6.60000000E-01, 7.20000000E-01, 2.82784630E-03, 3.42063306E-02, 3.13784843E-02
1871, 6.80000000E-01, 7.20000000E-01, 2.78747081E-03, 3.29580509E-02, 3.01705801E-02
1872, 7.00000000E-01, 7.20000000E-01, 3.54806218E-03, 3.15797008E-02, 2.80316386E-02
1873, 7.20000000E-01, 7.20000000E-01, 3.46861318E-03, 3.00767201E-02, 2.66081069E-02
1874, 7.40000000E-01, 7.20000000E-01, 2.92178160E-03, 2.84550403E-02, 2.55332586E-02
1875, 7.60000000E-01, 7.20000000E-01, 2.25490954E-03, 2.67210614E-02, 2.44661519E-02
1876, 7.80000000E-01, 7.20000000E-01, 2.01830514E-03, 2.48816267E-02, 2.28633216E-02
1877, 8.00000000E-01, 7.20000000E-01, 2.01506489E-03, 2.29439956E-02, 2.09289308E-02
1878, 8.20000000E-01, 7.20000000E-01, 2.05878214E-03, 2.09158151E-02, 1.88570330E-02
1879, 8.40000000E-01, 7.20000000E-01, 2.11931465E-03, 1.88050894E-02, 1.66857747E-02
1880, 8.60000000E-01, 7.20000000E-01, 2.15214956E-03, 1.66201486E-02, 1.44679990E-02
1881, 8.80000000E-01, 7.20000000E-01, 1.90964831E-03, 1.43696156E-02, 1.24599673E-02
1882, 9.00000000E-01, 7.20000000E-01, 1.66701744E-03, 1.20623723E-02, 1.03953549E-02
1883, 9.20000000E-01, 7.20000000E-01, 1.12551972E-03, 9.70752442E-03, 8.58200470E-03
1884, 9.40000000E-01, 7.20000000E-01, 1.00519963E-03, 7.31436532E-03, 6.30916569E-03
1885, 9.60000000E-01, 7.20000000E-01, 9.20553011E-04, 4.89233977E-03, 3.97178676E-03
1886, 9.80000000E-01, 7.20000000E-01, 5.03571656E-04, 2.45100639E-03, 1.94743473E-03
1887, 1.00000000E+00, 7.20000000E-01, 0.00000000E+00, 4.78036676E-18, 4.78036676E-18
1888, 0.00000000E+00, 7.40000000E-01, 0.00000000E+00, 0.00000000E+00, 0.00000000E+00
1889, 2.00000000E-02, 7.40000000E-01, 6.67465447E-04, 2.31885276E-03, 1.65138731E-03
1890, 4.00000000E-02, 7.40000000E-01, 9.56257995E-04, 4.62855407E-03, 3.67229607E-03
1891, 6.00000000E-02, 7.40000000E-01, 1.25581675E-03, 6.91998859E-03, 5.66417184E-03
1892, 8.00000000E-02, 7.40000000E-01, 1.18105791E-03, 9.18411308E-03, 8.00305517E-03
1893, 1.00000000E-01, 7.40000000E-01, 1.20677607E-03, 1.14119921E-02, 1.02052160E-02
1894, 1.20000000E-01, 7.40000000E-01, 1.74472331E-03, 1.35948331E-02, 1.18501098E-02
1895, 1.40000000E-01, 7.40000000E-01, 1.94591282E-03, 1.57240216E-02, 1.37781088E-02
1896, 1.60000000E-01, 7.40000000E-01, 2.01803186E-03, 1.77911546E-02, 1.57731227E-02
1897, 1.80000000E-01, 7.40000000E-01, 2.33064945E-03, 1.97880739E-02, 1.74574245E-02
1898, 2.00000000E-01, 7.40000000E-01, 2.13078888E-03, 2.17068988E-02, 1.95761100E-02
1899, 2.20000000E-01, 7.40000000E-01, 2.50746567E-03, 2.35400565E-02, 2.10325908E-02
1900, 2.40000000E-01, 7.40000000E-01, 2.51781136E-03, 2.52803124E-02, 2.27625010E-02
1901, 2.60000000E-01, 7.40000000E-01, 1.99839922E-03, 2.69207984E-02, 2.49223991E-02
1902, 2.80000000E-01, 7.40000000E-01, 2.37024073E-03, 2.84550403E-02, 2.60847995E-02
1903, 3.00000000E-01, 7.40000000E-01, 2.63085242E-03, 2.98769831E-02, 2.72461307E-02
1904, 3.20000000E-01, 7.40000000E-01, 3.32179203E-03, 3.11810152E-02, 2.78592231E-02
1905, 3.40000000E-01, 7.40000000E-01, 4.24521751E-03, 3.23619900E-02, 2.81167725E-02
1906, 3.60000000E-01, 7.40000000E-01, 3.54746398E-03, 3.34152468E-02, 2.98677829E-02
1907, 3.80000000E-01, 7.40000000E-01, 2.90395129E-03, 3.43366290E-02, 3.14326777E-02
1908, 4.00000000E-01, 7.40000000E-01, 2.88910916E-03, 3.51225001E-02, 3.22333909E-02
1909, 4.20000000E-01, 7.40000000E-01, 2.87492852E-03, 3.57697588E-02, 3.28948303E-02
1910, 4.40000000E-01, 7.40000000E-01, 2.96722584E-03, 3.62758506E-02, 3.33086247E-02
1911, 4.60000000E-01, 7.40000000E-01, 3.93799278E-03, 3.66387781E-02, 3.27007854E-02
1912, 4.80000000E-01, 7.40000000E-01, 4.36476698E-03, 3.68571092E-02, 3.24923422E-02
1913, 5.00000000E-01, 7.40000000E-01, 2.93590349E-03, 3.69299821E-02, 3.39940786E-02
1914, 5.20000000E-01, 7.40000000E-01, 2.68751742E-03, 3.68571092E-02, 3.41695918E-02
1915, 5.40000000E-01, 7.40000000E-01, 2.82256154E-03, 3.66387781E-02, 3.38162166E-02
1916, 5.60000000E-01, 7.40000000E-01, 3.13698610E-03, 3.62758506E-02, 3.31388645E-02
1917, 5.80000000E-01, 7.40000000E-01, 3.87654117E-03, 3.57697588E-02, 3.18932176E-02
1918, 6.00000000E-01, 7.40000000E-01, 3.93552990E-03, 3.51225001E-02, 3.11869702E-02
1919, 6.20000000E-01, 7.40000000E-01, 2.74419061E-03, 3.43366290E-02, 3.15924384E-02
1920, 6.40000000E-01, 7.40000000E-01, 2.48577593E-03, 3.34152468E-02, 3.09294709E-02
1921, 6.60000000E-01, 7.40000000E-01, 2.54480881E-03, 3.23619900E-02, 2.98171812E-02
1922, 6.80000000E-01, 7.40000000E-01, 2.85308606E-03, 3.11810152E-02, 2.83279291E-02
1923, 7.00000000E-01, 7.40000000E-01, 3.53787493E-03, 2.98769831E-02, 2.63391082E-02
1924, 7.20000000E-01, 7.40000000E-01, 3.50152220E-03, 2.84550403E-02, 2.49535180E-02
1925, 7.40000000E-01, 7.40000000E-01, 2.38480479E-03, 2.69207984E-02, 2.45359936E-02
1926, 7.60000000E-01, 7.40000000E-01, 2.04200587E-03, 2.52803124E-02, 2.32383065E-02
1927, 7.80000000E-01, 7.40000000E-01, 1.95126416E-03, 2.35400565E-02, 2.15887924E-02
1928, 8.00000000E-01, 7.40000000E-01, 2.01058688E-03, 2.17068988E-02, 1.96963120E-02
1929, 8.20000000E-01, 7.40000000E-01, 2.31813528E-03, 1.97880739E-02, 1.74699387E-02
1930, 8.40000000E-01, 7.40000000E-01, 2.28514565E-03, 1.77911546E-02, 1.55060089E-02
1931, 8.60000000E-01, 7.40000000E-01, 1.75237193E-03, 1.57240216E-02, 1.39716497E-02
1932, 8.80000000E-01, 7.40000000E-01, 1.55412596E-03, 1.35948331E-02, 1.20407072E-02
1933, 9.00000000E-01, 7.40000000E-01, 1.43890082E-03, 1.14119921E-02, 9.97309125E-03
1934, 9.20000000E-01, 7.40000000E-01, 1.15953904E-03, 9.18411308E-03, 8.02457403E-03
1935, 9.40000000E-01, 7.40000000E-01, 1.06158797E-03, 6.91998859E-03, 5.85840062E-03
1936, 9.60000000E-01, 7.40000000E-01, 8.37887642E-04, 4.62855407E-03, 3.79066643E-03
1937, 9.80000000E-01, 7.40000000E-01, 5.03928155E-04, 2.31885276E-03, 1.81492461E-03
1938, 1.00000000E+00, 7.40000000E-01, 0.00000000E+00, 4.52261844E-18, 4.52261844E-18
1939, 0.00000000E+00, 7.60000000E-01, 0.00000000E+00, 0.00000000E+00, 0.00000000E+00
1940, 2.00000000E-02, 7.60000000E-01, 6.11260741E-04, 2.17754768E-03, 1.56628694E-03
1941, 4.00000000E-02, 7.60000000E-01, 1.20907457E-03, 4.34650158E-03, 3.13742701E-03
1942, 6.00000000E-02, 7.60000000E-01, 1.55239682E-03, 6.49830183E-03, 4.94590501E-03
1943, 8.00000000E-02, 7.60000000E-01, 9.72813892E-04, 8.62445624E-03, 7.65164235E-03
1944, 1.00000000E-01, 7.60000000E-01, 1.13802168E-03, 1.07165739E-02, 9.57855218E-03
1945, 1.20000000E-01, 7.60000000E-01, 1.48744705E-03, 1.27663981E-02, 1.12789510E-02
1946, 1.40000000E-01, 7.60000000E-01, 1.78646332E-03, 1.47658391E-02, 1.29793758E-02
1947, 1.60000000E-01, 7.60000000E-01, 2.33125212E-03, 1.67070062E-02, 1.43757541E-02
1948, 1.80000000E-01, 7.60000000E-01, 2.58884349E-03, 1.85822383E-02, 1.59933948E-02
1949, 2.00000000E-01, 7.60000000E-01, 1.95195641E-03, 2.03841348E-02, 1.84321784E-02
1950, 2.20000000E-01, 7.60000000E-01, 2.07929115E-03, 2.21055845E-02, 2.00262933E-02
1951, 2.40000000E-01, 7.60000000E-01, 2.22561230E-03, 2.37397935E-02, 2.15141812E-02
1952, 2.60000000E-01, 7.60000000E-01, 2.47937911E-03, 2.52803124E-02, 2.28009332E-02
1953, 2.80000000E-01, 7.60000000E-01, 2.55566784E-03, 2.67210614E-02, 2.41653936E-02
1954, 3.00000000E-01, 7.60000000E-01, 2.80604462E-03, 2.80563546E-02, 2.52503100E-02
1955, 3.20000000E-01, 7.60000000E-01, 2.42487512E-03, 2.92809222E-02, 2.68560471E-02
1956, 3.40000000E-01, 7.60000000E-01, 3.20620725E-03, 3.03899314E-02, 2.71837242E-02
1957, 3.60000000E-01, 7.60000000E-01, 2.92102511E-03, 3.13790054E-02, 2.84579803E-02
1958, 3.80000000E-01, 7.60000000E-01, 3.11306208E-03, 3.22442408E-02, 2.91311788E-02
1959, 4.00000000E-01, 7.60000000E-01, 2.95622761E-03, 3.29822230E-02, 3.00259954E-02
1960, 4.20000000E-01, 7.60000000E-01, 3.08375237E-03, 3.35900393E-02, 3.05062869E-02
1961, 4.40000000E-01, 7.60000000E-01, 2.60090445E-03, 3.40652911E-02, 3.14643867E-02
1962, 4.60000000E-01, 7.60000000E-01, 3.48885408E-03, 3.44061028E-02, 3.09172487E-02
1963, 4.80000000E-01, 7.60000000E-01, 3.21894195E-03, 3.46111293E-02, 3.13921874E-02
1964, 5.00000000E-01, 7.60000000E-01, 3.27485554E-03, 3.46795615E-02, 3.14047060E-02
1965, 5.20000000E-01, 7.60000000E-01, 2.89823363E-03, 3.46111293E-02, 3.17128957E-02
1966, 5.40000000E-01, 7.60000000E-01, 3.16337350E-03, 3.44061028E-02, 3.12427293E-02
1967, 5.60000000E-01, 7.60000000E-01, 2.99633414E-03, 3.40652911E-02, 3.10689570E-02
1968, 5.80000000E-01, 7.60000000E-01, 3.47914664E-03, 3.35900393E-02, 3.01108927E-02
1969, 6.00000000E-01, 7.60000000E-01, 2.94121920E-03, 3.29822230E-02, 3.00410038E-02
1970, 6.20000000E-01, 7.60000000E-01, 2.97615178E-03, 3.22442408E-02, 2.92680891E-02
1971, 6.40000000E-01, 7.60000000E-01, 2.67608441E-03, 3.13790054E-02, 2.87029210E-02
1972, 6.60000000E-01, 7.60000000E-01, 2.86944673E-03, 3.03899314E-02, 2.75204847E-02
1973, 6.80000000E-01, 7.60000000E-01, 2.76317069E-03, 2.92809222E-02, 2.65177515E-02
1974, 7.00000000E-01, 7.60000000E-01, 3.10509128E-03, 2.80563546E-02, 2.49512633E-02
1975, 7.20000000E-01, 7.60000000E-01, 2.58490140E-03, 2.67210614E-02, 2.41361600E-02
1976, 7.40000000E-01, 7.60000000E-01, 2.52910621E-03, 2.52803124E-02, 2.27512061E-02
1977, 7.60000000E-01, 7.60000000E-01, 2.23108564E-03, 2.37397935E-02, 2.15087078E-02
1978, 7.80000000E-01, 7.60000000E-01, 2.33568940E-03, 2.21055845E-02, 1.97698951E-02
1979, 8.00000000E-01, 7.60000000E-01, 2.17773634E-03, 2.03841348E-02, 1.82063985E-02
1980, 8.20000000E-01, 7.60000000E-01, 2.32552834E-03, 1.85822383E-02, 1.62567100E-02
1981, 8.40000000E-01, 7.60000000E-01, 1.87951119E-03, 1.67070062E-02, 1.48274950E-02
1982, 8.60000000E-01, 7.60000000E-01, 1.88120878E-03, 1.47658391E-02, 1.28846304E-02
1983, 8.80000000E-01, 7.60000000E-01, 1.71438451E-03, 1.27663981E-02, 1.10520136E-02
1984, 9.00000000E-01, 7.60000000E-01, 1.80699123E-03, 1.07165739E-02, 8.90958264E-03
1985, 9.20000000E-01, 7.60000000E-01, 1.41039530E-03, 8.62445624E-03, 7.21406094E-03
1986, 9.40000000E-01, 7.60000000E-01, 1.31409530E-03, 6.49830183E-03, 5.18420652E-03
1987, 9.60000000E-01, 7.60000000E-01, 8.04360478E-04, 4.34650158E-03, 3.54214111E-03
1988, 9.80000000E-01, 7.60000000E-01, 4.46175399E-04, 2.17754768E-03, 1.73137229E-03
1989, 1.00000000E+00, 7.60000000E-01, 0.00000000E+00, 4.24702140E-18, 4.24702140E-18
1990, 0.00000000E+00, 7.80000000E-01, 0.00000000E+00, 0.00000000E+00, 0.00000000E+00
1991, 2.00000000E-02, 7.80000000E-01, 4.39033118E-04, 2.02764882E-03, 1.58861570E-03
1992, 4.00000000E-02, 7.80000000E-01, 8.08409071E-04, 4.04729544E-03, 3.23888637E-03
1993, 6.00000000E-02, 7.80000000E-01, 9.87984736E-04, 6.05096923E-03, 5.06298450E-03
1994, 8.00000000E-02, 7.80000000E-01, 1.21992795E-03, 8.03076261E-03, 6.81083466E-03
1995, 1.00000000E-01, 7.80000000E-01, 1.39972526E-03, 9.97886224E-03, 8.57913698E-03
1996, 1.20000000E-01, 7.80000000E-01, 1.80821634E-03, 1.18875799E-02, 1.00793635E-02
1997, 1.40000000E-01, 7.80000000E-01, 1.59108394E-03, 1.37493826E-02, 1.21582987E-02
1998, 1.60000000E-01, 7.80000000E-01, 1.94008414E-03, 1.55569229E-02, 1.36168387E-02
1999, 1.80000000E-01, 7.80000000E-01, 1.87034211E-03, 1.73030671E-02, 1.54327249E-02
2000, 2.00000000E-01, 7.80000000E-01, 2.15289939E-03, 1.89809239E-02, 1.68280245E-02
2001, 2.20000000E-01, 7.80000000E-01, 2.23161226E-03, 2.05838718E-02, 1.83522595E-02
2002, 2.40000000E-01, 7.80000000E-01, 2.51342647E-03, 2.21055845E-02, 1.95921580E-02
2003, 2.60000000E-01, 7.80000000E-01, 2.19796512E-03, 2.35400565E-02, 2.13420914E-02
2004, 2.80000000E-01, 7.80000000E-01, 2.47779640E-03, 2.48816267E-02, 2.24038303E-02
2005, 3.00000000E-01, 7.80000000E-01, 2.26146797E-03, 2.61250005E-02, 2.38635326E-02
2006, 3.20000000E-01, 7.80000000E-01, 2.67837988E-03, 2.72652709E-02, 2.45868910E-02
2007, 3.40000000E-01, 7.80000000E-01, 2.82763361E-03, 2.82979377E-02, 2.54703041E-02
2008, 3.60000000E-01, 7.80000000E-01, 3.00303704E-03, 2.92189254E-02, 2.62158884E-02
2009, 3.80000000E-01, 7.80000000E-01, 2.67198780E-03, 3.00245994E-02, 2.73526116E-02
2010, 4.00000000E-01, 7.80000000E-01, 2.89433197E-03, 3.07117800E-02, 2.78174481E-02
2011, 4.20000000E-01, 7.80000000E-01, 2.50711339E-03, 3.12777553E-02, 2.87706419E-02
2012, 4.40000000E-01, 7.80000000E-01, 2.82718076E-03, 3.17202916E-02, 2.88931108E-02
2013, 4.60000000E-01, 7.80000000E-01, 3.68952164E-03, 3.20376423E-02, 2.83481207E-02
2014, 4.80000000E-01, 7.80000000E-01, 3.29615794E-03, 3.22285551E-02, 2.89323972E-02
2015, 5.00000000E-01, 7.80000000E-01, 2.97775516E-03, 3.22922766E-02, 2.93145214E-02
2016, 5.20000000E-01, 7.80000000E-01, 2.65457098E-03, 3.22285551E-02, 2.95739841E-02
2017, 5.40000000E-01, 7.80000000E-01, 2.86743206E-03, 3.20376423E-02, 2.91702103E-02
2018, 5.60000000E-01, 7.80000000E-01, 3.06470778E-03, 3.17202916E-02, 2.86555838E-02
2019, 5.80000000E-01, 7.80000000E-01, 3.12583626E-03, 3.12777553E-02, 2.81519191E-02
2020, 6.00000000E-01, 7.80000000E-01, 2.78747267E-03, 3.07117800E-02, 2.79243074E-02
2021, 6.20000000E-01, 7.80000000E-01, 2.64301752E-03, 3.00245994E-02, 2.73815819E-02
2022, 6.40000000E-01, 7.80000000E-01, 2.64904218E-03, 2.92189254E-02, 2.65698832E-02
2023, 6.60000000E-01, 7.80000000E-01, 2.73863465E-03, 2.82979377E-02, 2.55593030E-02
2024, 6.80000000E-01, 7.80000000E-01, 2.78981473E-03, 2.72652709E-02, 2.44754561E-02
2025, 7.00000000E-01, 7.80000000E-01, 2.74906262E-03, 2.61250005E-02, 2.33759379E-02
2026, 7.20000000E-01, 7.80000000E-01, 2.36106074E-03, 2.48816267E-02, 2.25205660E-02
2027, 7.40000000E-01, 7.80000000E-01, 2.21348409E-03, 2.35400565E-02, 2.13265724E-02
2028, 7.60000000E-01, 7.80000000E-01, 2.30288943E-03, 2.21055845E-02, 1.98026950E-02
2029, 7.80000000E-01, 7.80000000E-01, 2.39901680E-03, 2.05838718E-02, 1.81848550E-02
2030, 8.00000000E-01, 7.80000000E-01, 2.33889839E-03, 1.89809239E-02, 1.66420255E-02
2031, 8.20000000E-01, 7.80000000E-01, 2.10227697E-03, 1.73030671E-02, 1.52007901E-02
2032, 8.40000000E-01, 7.80000000E-01, 1.75394374E-03, 1.55569229E-02, 1.38029791E-02
2033, 8.60000000E-01, 7.80000000E-01, 1.65361248E-03, 1.37493826E-02, 1.20957702E-02
2034, 8.80000000E-01, 7.80000000E-01, 1.70589202E-03, 1.18875799E-02, 1.01816878E-02
2035, 9.00000000E-01, 7.80000000E-01, 1.71020456E-03, 9.97886224E-03, 8.26865769E-03
2036, 9.20000000E-01, 7.80000000E-01, 1.41190180E-03, 8.03076261E-03, 6.61886082E-03
2037, 9.40000000E-01, 7.80000000E-01, 1.02861153E-03, 6.05096923E-03, 5.02235770E-03
2038, 9.60000000E-01, 7.80000000E-01, 6.52385689E-04, 4.04729544E-03, 3.39490975E-03
2039, 9.80000000E-01, 7.80000000E-01, 4.47040234E-04, 2.02764882E-03, 1.58060859E-03
2040, 1.00000000E+00, 7.80000000E-01, 0.00000000E+00, 3.95466331E-18, 3.95466331E-18
2041, 0.00000000E+00, 8.00000000E-01, 0.00000000E+00, 0.00000000E+00, 0.00000000E+00
2042, 2.00000000E-02, 8.00000000E-01, 5.30852527E-04, 1.86974776E-03, 1.33889523E-03
2043, 4.00000000E-02, 8.00000000E-01, 8.66111499E-04, 3.73211647E-03, 2.86600497E-03
2044, 6.00000000E-02, 8.00000000E-01, 9.63690387E-04, 5.57975623E-03, 4.61606584E-03
2045, 8.00000000E-02, 8.00000000E-01, 8.92666621E-04, 7.40537524E-03, 6.51270862E-03
2046, 1.00000000E-01, 8.00000000E-01, 1.24408931E-03, 9.20176861E-03, 7.95767930E-03
2047, 1.20000000E-01, 8.00000000E-01, 1.48814465E-03, 1.09618468E-02, 9.47370216E-03
2048, 1.40000000E-01, 8.00000000E-01, 1.69529869E-03, 1.26786636E-02, 1.09833649E-02
2049, 1.60000000E-01, 8.00000000E-01, 1.83831702E-03, 1.43454435E-02, 1.25071265E-02
2050, 1.80000000E-01, 8.00000000E-01, 1.74100678E-03, 1.59556085E-02, 1.42146017E-02
2051, 2.00000000E-01, 8.00000000E-01, 1.64471771E-03, 1.75028040E-02, 1.58580863E-02
2052, 2.20000000E-01, 8.00000000E-01, 1.97873389E-03, 1.89809239E-02, 1.70021900E-02
2053, 2.40000000E-01, 8.00000000E-01, 2.18256787E-03, 2.03841348E-02, 1.82015669E-02
2054, 2.60000000E-01, 8.00000000E-01, 2.27985499E-03, 2.17068988E-02, 1.94270439E-02
2055, 2.80000000E-01, 8.00000000E-01, 2.32594851E-03, 2.29439956E-02, 2.06180471E-02
2056, 3.00000000E-01, 8.00000000E-01, 2.14142678E-03, 2.40905430E-02, 2.19491162E-02
2057, 3.20000000E-01, 8.00000000E-01, 2.04975117E-03, 2.51420160E-02, 2.30922648E-02
2058, 3.40000000E-01, 8.00000000E-01, 2.42271472E-03, 2.60942649E-02, 2.36715502E-02
2059, 3.60000000E-01, 8.00000000E-01, 2.71506536E-03, 2.69435317E-02, 2.42284663E-02
2060, 3.80000000E-01, 8.00000000E-01, 2.81254508E-03, 2.76864646E-02, 2.48739196E-02
2061, 4.00000000E-01, 8.00000000E-01, 2.70572297E-03, 2.83201318E-02, 2.56144088E-02
2062, 4.20000000E-01, 8.00000000E-01, 2.48073805E-03, 2.88420323E-02, 2.63612942E-02
2063, 4.40000000E-01, 8.00000000E-01, 2.44117653E-03, 2.92501065E-02, 2.68089300E-02
2064, 4.60000000E-01, 8.00000000E-01, 2.91349081E-03, 2.95427439E-02, 2.66292531E-02
2065, 4.80000000E-01, 8.00000000E-01, 3.04534175E-03, 2.97187896E-02, 2.66734478E-02
2066, 5.00000000E-01, 8.00000000E-01, 2.93389711E-03, 2.97775487E-02, 2.68436516E-02
2067, 5.20000000E-01, 8.00000000E-01, 2.77674695E-03, 2.97187896E-02, 2.69420426E-02
2068, 5.40000000E-01, 8.00000000E-01, 2.56953397E-03, 2.95427439E-02, 2.69732099E-02
2069, 5.60000000E-01, 8.00000000E-01, 2.38638536E-03, 2.92501065E-02, 2.68637211E-02
2070, 5.80000000E-01, 8.00000000E-01, 2.65973971E-03, 2.88420323E-02, 2.61822926E-02
2071, 6.00000000E-01, 8.00000000E-01, 2.81290444E-03, 2.83201318E-02, 2.55072273E-02
2072, 6.20000000E-01, 8.00000000E-01, 2.84344497E-03, 2.76864646E-02, 2.48430197E-02
2073, 6.40000000E-01, 8.00000000E-01, 2.69224627E-03, 2.69435317E-02, 2.42512854E-02
2074, 6.60000000E-01, 8.00000000E-01, 2.42289972E-03, 2.60942649E-02, 2.36713652E-02
2075, 6.80000000E-01, 8.00000000E-01, 2.18531480E-03, 2.51420160E-02, 2.29567012E-02
2076, 7.00000000E-01, 8.00000000E-01, 2.34208884E-03, 2.40905430E-02, 2.17484541E-02
2077, 7.20000000E-01, 8.00000000E-01, 2.30075559E-03, 2.29439956E-02, 2.06432401E-02
2078, 7.40000000E-01, 8.00000000E-01, 2.10684754E-03, 2.17068988E-02, 1.96000513E-02
2079, 7.60000000E-01, 8.00000000E-01, 2.50399612E-03, 2.03841348E-02, 1.78801387E-02
2080, 7.80000000E-01, 8.00000000E-01, 2.36113789E-03, 1.89809239E-02, 1.66197860E-02
2081, 8.00000000E-01, 8.00000000E-01, 2.17812377E-03, 1.75028040E-02, 1.53246802E-02
2082, 8.20000000E-01, 8.00000000E-01, 1.81882684E-03, 1.59556085E-02, 1.41367817E-02
2083, 8.40000000E-01, 8.00000000E-01, 1.78395423E-03, 1.43454435E-02, 1.25614893E-02
2084, 8.60000000E-01, 8.00000000E-01, 1.67473463E-03, 1.26786636E-02, 1.10039290E-02
2085, 8.80000000E-01, 8.00000000E-01, 1.89669137E-03, 1.09618468E-02, 9.06515544E-03
2086, 9.00000000E-01, 8.00000000E-01, 1.76239963E-03, 9.20176861E-03, 7.43936898E-03
2087, 9.20000000E-01, 8.00000000E-01, 1.45808698E-03, 7.40537524E-03, 5.94728826E-03
2088, 9.40000000E-01, 8.00000000E-01, 9.65073861E-04, 5.57975623E-03, 4.61468237E-03
2089, 9.60000000E-01, 8.00000000E-01, 7.07787933E-04, 3.73211647E-03, 3.02432854E-03
2090, 9.80000000E-01, 8.00000000E-01, 3.29095696E-04, 1.86974776E-03, 1.54065206E-03
2091, 1.00000000E+00, 8.00000000E-01, 0.00000000E+00, 3.64669798E-18, 3.64669798E-18
2092, 0.00000000E+00, 8.20000000E-01, 0.00000000E+00, 0.00000000E+00, 0.00000000E+00
2093, 2.00000000E-02, 8.20000000E-01, 4.17701810E-04, 1.70446765E-03, 1.28676584E-03
2094, 4.00000000E-02, 8.20000000E-01, 6.16523398E-04, 3.40220854E-03, 2.78568515E-03
2095, 6.00000000E-02, 8.20000000E-01, 8.70012322E-04, 5.08652248E-03, 4.21651015E-03
2096, 8.00000000E-02, 8.20000000E-01, 1.09294758E-03, 6.75076223E-03, 5.65781465E-03
2097, 1.00000000E-01, 8.20000000E-01, 1.57963597E-03, 8.38835980E-03, 6.80872383E-03
2098, 1.20000000E-01, 8.20000000E-01, 1.57299457E-03, 9.99285236E-03, 8.41985779E-03
2099, 1.40000000E-01, 8.20000000E-01, 1.30626039E-03, 1.15579077E-02, 1.02516473E-02
2100, 1.60000000E-01, 8.20000000E-01, 1.36267873E-03, 1.30773492E-02, 1.17146705E-02
2101, 1.80000000E-01, 8.20000000E-01, 1.55098922E-03, 1.45451805E-02, 1.29941912E-02
2102, 2.00000000E-01, 8.20000000E-01, 1.66350862E-03, 1.59556085E-02, 1.42920999E-02
2103, 2.20000000E-01, 8.20000000E-01, 2.23682829E-03, 1.73030671E-02, 1.50662388E-02
2104, 2.40000000E-01, 8.20000000E-01, 2.12183615E-03, 1.85822383E-02, 1.64604021E-02
2105, 2.60000000E-01, 8.20000000E-01, 1.69631962E-03, 1.97880739E-02, 1.80917543E-02
2106, 2.80000000E-01, 8.20000000E-01, 1.70100433E-03, 2.09158151E-02, 1.92148108E-02
2107, 3.00000000E-01, 8.20000000E-01, 1.82718462E-03, 2.19610111E-02, 2.01338265E-02
2108, 3.20000000E-01, 8.20000000E-01, 1.96589195E-03, 2.29195370E-02, 2.09536450E-02
2109, 3.40000000E-01, 8.20000000E-01, 2.54316819E-03, 2.37876100E-02, 2.12444418E-02
2110, 3.60000000E-01, 8.20000000E-01, 2.71654790E-03, 2.45618041E-02, 2.18452562E-02
2111, 3.80000000E-01, 8.20000000E-01, 2.37738601E-03, 2.52390640E-02, 2.28616780E-02
2112, 4.00000000E-01, 8.20000000E-01, 2.07492199E-03, 2.58167169E-02, 2.37417949E-02
2113, 4.20000000E-01, 8.20000000E-01, 2.12128652E-03, 2.62924830E-02, 2.41711964E-02
2114, 4.40000000E-01, 8.20000000E-01, 2.38941212E-03, 2.66644846E-02, 2.42750725E-02
2115, 4.60000000E-01, 8.20000000E-01, 3.00050705E-03, 2.69312537E-02, 2.39307467E-02
2116, 4.80000000E-01, 8.20000000E-01, 2.74556247E-03, 2.70917375E-02, 2.43461750E-02
2117, 5.00000000E-01, 8.20000000E-01, 2.22276477E-03, 2.71453025E-02, 2.49225378E-02
2118, 5.20000000E-01, 8.20000000E-01, 2.17359060E-03, 2.70917375E-02, 2.49181469E-02
2119, 5.40000000E-01, 8.20000000E-01, 2.20002754E-03, 2.69312537E-02, 2.47312262E-02
2120, 5.60000000E-01, 8.20000000E-01, 2.15798914E-03, 2.66644846E-02, 2.45064955E-02
2121, 5.80000000E-01, 8.20000000E-01, 2.61095873E-03, 2.62924830E-02, 2.36815242E-02
2122, 6.00000000E-01, 8.20000000E-01, 2.74253128E-03, 2.58167169E-02, 2.30741856E-02
2123, 6.20000000E-01, 8.20000000E-01, 2.49464020E-03, 2.52390640E-02, 2.27444238E-02
2124, 6.40000000E-01, 8.20000000E-01, 2.06724426E-03, 2.45618041E-02, 2.24945598E-02
2125, 6.60000000E-01, 8.20000000E-01, 1.97269214E-03, 2.37876100E-02, 2.18149178E-02
2126, 6.80000000E-01, 8.20000000E-01, 2.00401971E-03, 2.29195370E-02, 2.09155173E-02
2127, 7.00000000E-01, 8.20000000E-01, 2.33650829E-03, 2.19610111E-02, 1.96245028E-02
2128, 7.20000000E-01, 8.20000000E-01, 2.10493576E-03, 2.09158151E-02, 1.88108793E-02
2129, 7.40000000E-01, 8.20000000E-01, 1.78262548E-03, 1.97880739E-02, 1.80054485E-02
2130, 7.60000000E-01, 8.20000000E-01, 1.76581126E-03, 1.85822383E-02, 1.68164270E-02
2131, 7.80000000E-01, 8.20000000E-01, 1.75408441E-03, 1.73030671E-02, 1.55489826E-02
2132, 8.00000000E-01, 8.20000000E-01, 1.54585980E-03, 1.59556085E-02, 1.44097487E-02
2133, 8.20000000E-01, 8.20000000E-01, 1.63264605E-03, 1.45451805E-02, 1.29125344E-02
2134, 8.40000000E-01, 8.20000000E-01, 1.68256206E-03, 1.30773492E-02, 1.13947872E-02
2135, 8.60000000E-01, 8.20000000E-01, 1.65782767E-03, 1.15579077E-02, 9.90008002E-03
2136, 8.80000000E-01, 8.20000000E-01, 1.31670401E-03, 9.99285236E-03, 8.67614835E-03
2137, 9.00000000E-01, 8.20000000E-01, 1.15134254E-03, 8.38835980E-03, 7.23701726E-03
2138, 9.20000000E-01, 8.20000000E-01, 9.22267069E-04, 6.75076223E-03, 5.82849516E-03
2139, 9.40000000E-01, 8.20000000E-01, 6.87101204E-04, 5.08652248E-03, 4.39942127E-03
2140, 9.60000000E-01, 8.20000000E-01, 4.99846880E-04, 3.40220854E-03, 2.90236166E-03
2141, 9.80000000E-01, 8.20000000E-01, 4.21835415E-04, 1.70446765E-03, 1.28263223E-03
2142, 1.00000000E+00, 8.20000000E-01, 0.00000000E+00, 3.32434079E-18, 3.32434079E-18
2143, 0.00000000E+00, 8.40000000E-01, 0.00000000E+00, 0.00000000E+00, 0.00000000E+00
2144, 2.00000000E-02, 8.40000000E-01, 4.06978356E-04, 1.53246079E-03, 1.12548243E-03
2145, 4.00000000E-02, 8.40000000E-01, 7.42755900E-04, 3.05887365E-03, 2.31611775E-03
2146, 6.00000000E-02, 8.40000000E-01, 1.08228642E-03, 4.57321454E-03, 3.49092812E-03
2147, 8.00000000E-02, 8.40000000E-01, 9.24704769E-04, 6.06950704E-03, 5.14480227E-03
2148, 1.00000000E-01, 8.40000000E-01, 9.57826082E-04, 7.54184597E-03, 6.58401989E-03
2149, 1.20000000E-01, 8.40000000E-01, 1.01944557E-03, 8.98442068E-03, 7.96497511E-03
2150, 1.40000000E-01, 8.40000000E-01, 1.25102475E-03, 1.03915380E-02, 9.14051323E-03
2151, 1.60000000E-01, 8.40000000E-01, 1.37642569E-03, 1.17576446E-02, 1.03812189E-02
2152, 1.80000000E-01, 8.40000000E-01, 1.56940142E-03, 1.30773492E-02, 1.15079478E-02
2153, 2.00000000E-01, 8.40000000E-01, 1.31079339E-03, 1.43454435E-02, 1.30346501E-02
2154, 2.20000000E-01, 8.40000000E-01, 1.50977120E-03, 1.55569229E-02, 1.40471517E-02
2155, 2.40000000E-01, 8.40000000E-01, 1.42158581E-03, 1.67070062E-02, 1.52854204E-02
2156, 2.60000000E-01, 8.40000000E-01, 1.52173552E-03, 1.77911546E-02, 1.62694190E-02
2157, 2.80000000E-01, 8.40000000E-01, 1.65173752E-03, 1.88050894E-02, 1.71533519E-02
2158, 3.00000000E-01, 8.40000000E-01, 1.65158761E-03, 1.97448091E-02, 1.80932215E-02
2159, 3.20000000E-01, 8.40000000E-01, 1.58969032E-03, 2.06066051E-02, 1.90169148E-02
2160, 3.40000000E-01, 8.40000000E-01, 2.08483982E-03, 2.13870762E-02, 1.93022364E-02
2161, 3.60000000E-01, 8.40000000E-01, 2.27650291E-03, 2.20831423E-02, 1.98066394E-02
2162, 3.80000000E-01, 8.40000000E-01, 1.99473081E-03, 2.26920563E-02, 2.06973255E-02
2163, 4.00000000E-01, 8.40000000E-01, 1.81248712E-03, 2.32114152E-02, 2.13989281E-02
2164, 4.20000000E-01, 8.40000000E-01, 2.07103165E-03, 2.36391692E-02, 2.15681375E-02
2165, 4.40000000E-01, 8.40000000E-01, 2.34511087E-03, 2.39736302E-02, 2.16285193E-02
2166, 4.60000000E-01, 8.40000000E-01, 2.15368705E-03, 2.42134782E-02, 2.20597912E-02
2167, 4.80000000E-01, 8.40000000E-01, 1.99341462E-03, 2.43577667E-02, 2.23643521E-02
2168, 5.00000000E-01, 8.40000000E-01, 2.07330175E-03, 2.44059262E-02, 2.23326245E-02
2169, 5.20000000E-01, 8.40000000E-01, 2.24190011E-03, 2.43577667E-02, 2.21158666E-02
2170, 5.40000000E-01, 8.40000000E-01, 2.00479513E-03, 2.42134782E-02, 2.22086831E-02
2171, 5.60000000E-01, 8.40000000E-01, 1.79531061E-03, 2.39736302E-02, 2.21783196E-02
2172, 5.80000000E-01, 8.40000000E-01, 2.17337790E-03, 2.36391692E-02, 2.14657913E-02
2173, 6.00000000E-01, 8.40000000E-01, 2.32038140E-03, 2.32114152E-02, 2.08910338E-02
2174, 6.20000000E-01, 8.40000000E-01, 1.97126683E-03, 2.26920563E-02, 2.07207895E-02
2175, 6.40000000E-01, 8.40000000E-01, 1.71317805E-03, 2.20831423E-02, 2.03699643E-02
2176, 6.60000000E-01, 8.40000000E-01, 1.83750024E-03, 2.13870762E-02, 1.95495760E-02
2177, 6.80000000E-01, 8.40000000E-01, 1.99999003E-03, 2.06066051E-02, 1.86066150E-02
2178, 7.00000000E-01, 8.40000000E-01, 1.79230138E-03, 1.97448091E-02, 1.79525077E-02
2179, 7.20000000E-01, 8.40000000E-01, 1.57238654E-03, 1.88050894E-02, 1.72327028E-02
2180, 7.40000000E-01, 8.40000000E-01, 1.60678408E-03, 1.77911546E-02, 1.61843705E-02
2181, 7.60000000E-01, 8.40000000E-01, 1.71839699E-03, 1.67070062E-02, 1.49886092E-02
2182, 7.80000000E-01, 8.40000000E-01, 1.51361163E-03, 1.55569229E-02, 1.40433112E-02
2183, 8.00000000E-01, 8.40000000E-01, 1.25889916E-03, 1.43454435E-02, 1.30865444E-02
2184, 8.20000000E-01, 8.40000000E-01, 1.37002083E-03, 1.30773492E-02, 1.17073284E-02
2185, 8.40000000E-01, 8.40000000E-01, 1.42801996E-03, 1.17576446E-02, 1.03296247E-02
2186, 8.60000000E-01, 8.40000000E-01, 1.19019403E-03, 1.03915380E-02, 9.20134396E-03
2187, 8.80000000E-01, 8.40000000E-01, 9.66861159E-04, 8.98442068E-03, 8.01755952E-03
2188, 9.00000000E-01, 8.40000000E-01, 9.17037035E-04, 7.54184597E-03, 6.62480894E-03
2189, 9.20000000E-01, 8.40000000E-01, 8.99092701E-04, 6.06950704E-03, 5.17041434E-03
2190, 9.40000000E-01, 8.40000000E-01, 6.90868903E-04, 4.57321454E-03, 3.88234564E-03
2191, 9.60000000E-01, 8.40000000E-01, 4.24741441E-04, 3.05887365E-03, 2.63413221E-03
2192, 9.80000000E-01, 8.40000000E-01, 2.30675509E-04, 1.53246079E-03, 1.30178528E-03
2193, 1.00000000E+00, 8.40000000E-01, 0.00000000E+00, 2.98886395E-18, 2.98886395E-18
2194, 0.00000000E+00, 8.60000000E-01, 0.00000000E+00, 0.00000000E+00, 0.00000000E+00
2195, 2.00000000E-02, 8.60000000E-01, 2.02210091E-04, 1.35440600E-03, 1.15219591E-03
2196, 4.00000000E-02, 8.60000000E-01, 5.04161244E-04, 2.70346679E-03, 2.19930554E-03
2197, 6.00000000E-02, 8.60000000E-01, 6.89842922E-04, 4.04185822E-03, 3.35201530E-03
2198, 8.00000000E-02, 8.60000000E-01, 7.15200718E-04, 5.36429829E-03, 4.64909757E-03
2199, 1.00000000E-01, 8.60000000E-01, 7.07588061E-04, 6.66556792E-03, 5.95797986E-03
2200, 1.20000000E-01, 8.60000000E-01, 9.04275150E-04, 7.94053160E-03, 7.03625645E-03
2201, 1.40000000E-01, 8.60000000E-01, 1.07224806E-03, 9.18415763E-03, 8.11190957E-03
2202, 1.60000000E-01, 8.60000000E-01, 1.00480178E-03, 1.03915380E-02, 9.38673620E-03
2203, 1.80000000E-01, 8.60000000E-01, 1.06185491E-03, 1.15579077E-02, 1.04960528E-02
2204, 2.00000000E-01, 8.60000000E-01, 1.28470079E-03, 1.26786636E-02, 1.13939628E-02
2205, 2.20000000E-01, 8.60000000E-01, 1.31880404E-03, 1.37493826E-02, 1.24305786E-02
2206, 2.40000000E-01, 8.60000000E-01, 1.09041473E-03, 1.47658391E-02, 1.36754244E-02
2207, 2.60000000E-01, 8.60000000E-01, 1.13893483E-03, 1.57240216E-02, 1.45850868E-02
2208, 2.80000000E-01, 8.60000000E-01, 1.40680604E-03, 1.66201486E-02, 1.52133425E-02
2209, 3.00000000E-01, 8.60000000E-01, 1.43342830E-03, 1.74506834E-02, 1.60172551E-02
2210, 3.20000000E-01, 8.60000000E-01, 1.43936160E-03, 1.82123483E-02, 1.67729867E-02
2211, 3.40000000E-01, 8.60000000E-01, 1.60470036E-03, 1.89021374E-02, 1.72974371E-02
2212, 3.60000000E-01, 8.60000000E-01, 1.80332702E-03, 1.95173284E-02, 1.77140014E-02
2213, 3.80000000E-01, 8.60000000E-01, 1.71918070E-03, 2.00554935E-02, 1.83363128E-02
2214, 4.00000000E-01, 8.60000000E-01, 1.70488851E-03, 2.05145087E-02, 1.88096201E-02
2215, 4.20000000E-01, 8.60000000E-01, 1.76290373E-03, 2.08925624E-02, 1.91296587E-02
2216, 4.40000000E-01, 8.60000000E-01, 1.84249793E-03, 2.11881628E-02, 1.93456649E-02
2217, 4.60000000E-01, 8.60000000E-01, 1.65026907E-03, 2.14001432E-02, 1.97498741E-02
2218, 4.80000000E-01, 8.60000000E-01, 1.71141656E-03, 2.15276670E-02, 1.98162504E-02
2219, 5.00000000E-01, 8.60000000E-01, 1.74563877E-03, 2.15702309E-02, 1.98245921E-02
2220, 5.20000000E-01, 8.60000000E-01, 1.78616659E-03, 2.15276670E-02, 1.97415004E-02
2221, 5.40000000E-01, 8.60000000E-01, 1.57779118E-03, 2.14001432E-02, 1.98223520E-02
2222, 5.60000000E-01, 8.60000000E-01, 1.61715920E-03, 2.11881628E-02, 1.95710036E-02
2223, 5.80000000E-01, 8.60000000E-01, 1.69673558E-03, 2.08925624E-02, 1.91958268E-02
2224, 6.00000000E-01, 8.60000000E-01, 1.75485074E-03, 2.05145087E-02, 1.87596579E-02
2225, 6.20000000E-01, 8.60000000E-01, 1.51789984E-03, 2.00554935E-02, 1.85375936E-02
2226, 6.40000000E-01, 8.60000000E-01, 1.52952690E-03, 1.95173284E-02, 1.79878015E-02
2227, 6.60000000E-01, 8.60000000E-01, 1.53925243E-03, 1.89021374E-02, 1.73628850E-02
2228, 6.80000000E-01, 8.60000000E-01, 1.54764559E-03, 1.82123483E-02, 1.66647027E-02
2229, 7.00000000E-01, 8.60000000E-01, 1.33828637E-03, 1.74506834E-02, 1.61123970E-02
2230, 7.20000000E-01, 8.60000000E-01, 1.34832441E-03, 1.66201486E-02, 1.52718241E-02
2231, 7.40000000E-01, 8.60000000E-01, 1.34022043E-03, 1.57240216E-02, 1.43838012E-02
2232, 7.60000000E-01, 8.60000000E-01, 1.31634824E-03, 1.47658391E-02, 1.34494909E-02
2233, 7.80000000E-01, 8.60000000E-01, 1.10990019E-03, 1.37493826E-02, 1.26394824E-02
2234, 8.00000000E-01, 8.60000000E-01, 1.08826899E-03, 1.26786636E-02, 1.15903946E-02
2235, 8.20000000E-01, 8.60000000E-01, 1.07340563E-03, 1.15579077E-02, 1.04845021E-02
2236, 8.40000000E-01, 8.60000000E-01, 1.02673853E-03, 1.03915380E-02, 9.36479945E-03
2237, 8.60000000E-01, 8.60000000E-01, 8.21799467E-04, 9.18415763E-03, 8.36235816E-03
2238, 8.80000000E-01, 8.60000000E-01, 7.83781564E-04, 7.94053160E-03, 7.15675004E-03
2239, 9.00000000E-01, 8.60000000E-01, 7.21627755E-04, 6.66556792E-03, 5.94394016E-03
2240, 9.20000000E-01, 8.60000000E-01, 6.12131232E-04, 5.36429829E-03, 4.75216706E-03
2241, 9.40000000E-01, 8.60000000E-01, 4.22040534E-04, 4.04185822E-03, 3.61981769E-03
2242, 9.60000000E-01, 8.60000000E-01, 3.49117640E-04, 2.70346679E-03, 2.35434915E-03
2243, 9.80000000E-01, 8.60000000E-01, 2.26894829E-04, 1.35440600E-03, 1.12751118E-03
2244, 1.00000000E+00, 8.60000000E-01, 0.00000000E+00, 2.64159142E-18, 2.64159142E-18
2245, 0.00000000E+00, 8.80000000E-01, 0.00000000E+00, 0.00000000E+00, 0.00000000E+00
2246, 2.00000000E-02, 8.80000000E-01, 1.39248770E-04, 1.17100600E-03, 1.03175723E-03
2247, 4.00000000E-02, 8.80000000E-01, 2.82973309E-04, 2.33739057E-03, 2.05441726E-03
2248, 6.00000000E-02, 8.80000000E-01, 4.69540313E-04, 3.49455053E-03, 3.02501022E-03
2249, 8.00000000E-02, 8.80000000E-01, 5.26500515E-04, 4.63791910E-03, 4.11141858E-03
2250, 1.00000000E-01, 8.80000000E-01, 5.86903954E-04, 5.76298392E-03, 5.17607996E-03
2251, 1.20000000E-01, 8.80000000E-01, 6.63473726E-04, 6.86530487E-03, 6.20183114E-03
2252, 1.40000000E-01, 8.80000000E-01, 7.98071341E-04, 7.94053160E-03, 7.14246026E-03
2253, 1.60000000E-01, 8.80000000E-01, 7.93327155E-04, 8.98442068E-03, 8.19109353E-03
2254, 1.80000000E-01, 8.80000000E-01, 8.91914348E-04, 9.99285236E-03, 9.10093801E-03
2255, 2.00000000E-01, 8.80000000E-01, 9.86455459E-04, 1.09618468E-02, 9.97539135E-03
2256, 2.20000000E-01, 8.80000000E-01, 1.07170782E-03, 1.18875799E-02, 1.08158720E-02
2257, 2.40000000E-01, 8.80000000E-01, 9.88568736E-04, 1.27663981E-02, 1.17778293E-02
2258, 2.60000000E-01, 8.80000000E-01, 1.05067126E-03, 1.35948331E-02, 1.25441619E-02
2259, 2.80000000E-01, 8.80000000E-01, 1.14972095E-03, 1.43696156E-02, 1.32198947E-02
2260, 3.00000000E-01, 8.80000000E-01, 1.25417828E-03, 1.50876878E-02, 1.38335095E-02
2261, 3.20000000E-01, 8.80000000E-01, 1.20777421E-03, 1.57462157E-02, 1.45384415E-02
2262, 3.40000000E-01, 8.80000000E-01, 1.30751534E-03, 1.63426005E-02, 1.50350852E-02
2263, 3.60000000E-01, 8.80000000E-01, 1.41101121E-03, 1.68744886E-02, 1.54634774E-02
2264, 3.80000000E-01, 8.80000000E-01, 1.49950544E-03, 1.73397808E-02, 1.58402753E-02
2265, 4.00000000E-01, 8.80000000E-01, 1.49745599E-03, 1.77366407E-02, 1.62391847E-02
2266, 4.20000000E-01, 8.80000000E-01, 1.47201490E-03, 1.80635023E-02, 1.65914874E-02
2267, 4.40000000E-01, 8.80000000E-01, 1.40375099E-03, 1.83190754E-02, 1.69153244E-02
2268, 4.60000000E-01, 8.80000000E-01, 1.49991782E-03, 1.85023516E-02, 1.70024337E-02
2269, 4.80000000E-01, 8.80000000E-01, 1.50616380E-03, 1.86126074E-02, 1.71064436E-02
2270, 5.00000000E-01, 8.80000000E-01, 1.47265793E-03, 1.86494077E-02, 1.71767498E-02
2271, 5.20000000E-01, 8.80000000E-01, 1.38444628E-03, 1.86126074E-02, 1.72281611E-02
2272, 5.40000000E-01, 8.80000000E-01, 1.44943822E-03, 1.85023516E-02, 1.70529133E-02
2273, 5.60000000E-01, 8.80000000E-01, 1.43700426E-03, 1.83190754E-02, 1.68820712E-02
2274, 5.80000000E-01, 8.80000000E-01, 1.41892351E-03, 1.80635023E-02, 1.66445788E-02
2275, 6.00000000E-01, 8.80000000E-01, 1.33774001E-03, 1.77366407E-02, 1.63989007E-02
2276, 6.20000000E-01, 8.80000000E-01, 1.37561491E-03, 1.73397808E-02, 1.59641658E-02
2277, 6.40000000E-01, 8.80000000E-01, 1.33258907E-03, 1.68744886E-02, 1.55418995E-02
2278, 6.60000000E-01, 8.80000000E-01, 1.28490177E-03, 1.63426005E-02, 1.50576988E-02
2279, 6.80000000E-01, 8.80000000E-01, 1.18653534E-03, 1.57462157E-02, 1.45596804E-02
2280, 7.00000000E-01, 8.80000000E-01, 1.20369389E-03, 1.50876878E-02, 1.38839939E-02
2281, 7.20000000E-01, 8.80000000E-01, 1.15016055E-03, 1.43696156E-02, 1.32194551E-02
2282, 7.40000000E-01, 8.80000000E-01, 1.09705948E-03, 1.35948331E-02, 1.24977737E-02
2283, 7.60000000E-01, 8.80000000E-01, 9.93466848E-04, 1.27663981E-02, 1.17729312E-02
2284, 7.80000000E-01, 8.80000000E-01, 9.77912734E-04, 1.18875799E-02, 1.09096671E-02
2285, 8.00000000E-01, 8.80000000E-01, 9.04958546E-04, 1.09618468E-02, 1.00568883E-02
2286, 8.20000000E-01, 8.80000000E-01, 8.49743558E-04, 9.99285236E-03, 9.14310880E-03
2287, 8.40000000E-01, 8.80000000E-01, 7.46479504E-04, 8.98442068E-03, 8.23794118E-03
2288, 8.60000000E-01, 8.80000000E-01, 6.92679540E-04, 7.94053160E-03, 7.24785206E-03
2289, 8.80000000E-01, 8.80000000E-01, 5.96826951E-04, 6.86530487E-03, 6.26847792E-03
2290, 9.00000000E-01, 8.80000000E-01, 5.35457467E-04, 5.76298392E-03, 5.22752645E-03
2291, 9.20000000E-01, 8.80000000E-01, 4.31752966E-04, 4.63791910E-03, 4.20616613E-03
2292, 9.40000000E-01, 8.80000000E-01, 3.44689006E-04, 3.49455053E-03, 3.14986153E-03
2293, 9.60000000E-01, 8.80000000E-01, 2.38325122E-04, 2.33739057E-03, 2.09906545E-03
2294, 9.80000000E-01, 8.80000000E-01, 1.41235815E-04, 1.17100600E-03, 1.02977018E-03
2295, 1.00000000E+00, 8.80000000E-01, 0.00000000E+00, 2.28389374E-18, 2.28389374E-18
2296, 0.00000000E+00, 9.00000000E-01, 0.00000000E+00, 0.00000000E+00, 0.00000000E+00
2297, 2.00000000E-02, 9.00000000E-01, 1.68870151E-04, 9.82984567E-04, 8.14114416E-04
2298, 4.00000000E-02, 9.00000000E-01, 2.36679763E-04, 1.96208974E-03, 1.72540998E-03
2299, 6.00000000E-02, 9.00000000E-01, 3.13746074E-04, 2.93345145E-03, 2.61970537E-03
2300, 8.00000000E-02, 9.00000000E-01, 4.42007068E-04, 3.89323616E-03, 3.45122909E-03
2301, 1.00000000E-01, 9.00000000E-01, 5.24343432E-04, 4.83765605E-03, 4.31331261E-03
2302, 1.20000000E-01, 9.00000000E-01, 5.51945917E-04, 5.76298392E-03, 5.21103800E-03
2303, 1.40000000E-01, 9.00000000E-01, 5.84252401E-04, 6.66556792E-03, 6.08131552E-03
2304, 1.60000000E-01, 9.00000000E-01, 7.15710229E-04, 7.54184597E-03, 6.82613574E-03
2305, 1.80000000E-01, 9.00000000E-01, 8.07196192E-04, 8.38835980E-03, 7.58116361E-03
2306, 2.00000000E-01, 9.00000000E-01, 8.48983297E-04, 9.20176861E-03, 8.35278532E-03
2307, 2.20000000E-01, 9.00000000E-01, 8.34593758E-04, 9.97886224E-03, 9.14426849E-03
2308, 2.40000000E-01, 9.00000000E-01, 9.36134493E-04, 1.07165739E-02, 9.78043937E-03
2309, 2.60000000E-01, 9.00000000E-01, 1.00151598E-03, 1.14119921E-02, 1.04104761E-02
2310, 2.80000000E-01, 9.00000000E-01, 1.02928763E-03, 1.20623723E-02, 1.10330847E-02
2311, 3.00000000E-01, 9.00000000E-01, 9.96918442E-04, 1.26651480E-02, 1.16682295E-02
2312, 3.20000000E-01, 9.00000000E-01, 1.11993643E-03, 1.32179400E-02, 1.20980036E-02
2313, 3.40000000E-01, 9.00000000E-01, 1.18179347E-03, 1.37185669E-02, 1.25367734E-02
2314, 3.60000000E-01, 9.00000000E-01, 1.22138086E-03, 1.41650529E-02, 1.29436720E-02
2315, 3.80000000E-01, 9.00000000E-01, 1.17182394E-03, 1.45556358E-02, 1.33838119E-02
2316, 4.00000000E-01, 9.00000000E-01, 1.30281216E-03, 1.48887744E-02, 1.35859622E-02
2317, 4.20000000E-01, 9.00000000E-01, 1.29993070E-03, 1.51631537E-02, 1.38632230E-02
2318, 4.40000000E-01, 9.00000000E-01, 1.27193729E-03, 1.53776910E-02, 1.41057537E-02
2319, 4.60000000E-01, 9.00000000E-01, 1.19762967E-03, 1.55315396E-02, 1.43339099E-02
2320, 4.80000000E-01, 9.00000000E-01, 1.31559502E-03, 1.56240923E-02, 1.43084973E-02
2321, 5.00000000E-01, 9.00000000E-01, 1.29820415E-03, 1.56549838E-02, 1.43567797E-02
2322, 5.20000000E-01, 9.00000000E-01, 1.25743269E-03, 1.56240923E-02, 1.43666596E-02
2323, 5.40000000E-01, 9.00000000E-01, 1.16787393E-03, 1.55315396E-02, 1.43636657E-02
2324, 5.60000000E-01, 9.00000000E-01, 1.26248480E-03, 1.53776910E-02, 1.41152062E-02
2325, 5.80000000E-01, 9.00000000E-01, 1.23635357E-03, 1.51631537E-02, 1.39268001E-02
2326, 6.00000000E-01, 9.00000000E-01, 1.19591474E-03, 1.48887744E-02, 1.36928596E-02
2327, 6.20000000E-01, 9.00000000E-01, 1.09852992E-03, 1.45556358E-02, 1.34571059E-02
2328, 6.40000000E-01, 9.00000000E-01, 1.16102016E-03, 1.41650529E-02, 1.30040327E-02
2329, 6.60000000E-01, 9.00000000E-01, 1.11106690E-03, 1.37185669E-02, 1.26075000E-02
2330, 6.80000000E-01, 9.00000000E-01, 1.05890290E-03, 1.32179400E-02, 1.21590371E-02
2331, 7.00000000E-01, 9.00000000E-01, 9.58141957E-04, 1.26651480E-02, 1.17070060E-02
2332, 7.20000000E-01, 9.00000000E-01, 9.92112017E-04, 1.20623723E-02, 1.10702603E-02
2333, 7.40000000E-01, 9.00000000E-01, 9.29847620E-04, 1.14119921E-02, 1.04821444E-02
2334, 7.60000000E-01, 9.00000000E-01, 8.72599690E-04, 1.07165739E-02, 9.84397418E-03
2335, 7.80000000E-01, 9.00000000E-01, 7.70598677E-04, 9.97886224E-03, 9.20826357E-03
2336, 8.00000000E-01, 9.00000000E-01, 7.68307760E-04, 9.20176861E-03, 8.43346085E-03
2337, 8.20000000E-01, 9.00000000E-01, 6.94358438E-04, 8.38835980E-03, 7.69400137E-03
2338, 8.40000000E-01, 9.00000000E-01, 6.35687850E-04, 7.54184597E-03, 6.90615812E-03
2339, 8.60000000E-01, 9.00000000E-01, 5.35690991E-04, 6.66556792E-03, 6.12987693E-03
2340, 8.80000000E-01, 9.00000000E-01, 4.89738639E-04, 5.76298392E-03, 5.27324528E-03
2341, 9.00000000E-01, 9.00000000E-01, 4.00064589E-04, 4.83765605E-03, 4.43759146E-03
2342, 9.20000000E-01, 9.00000000E-01, 3.47480709E-04, 3.89323616E-03, 3.54575545E-03
2343, 9.40000000E-01, 9.00000000E-01, 2.62411085E-04, 2.93345145E-03, 2.67104036E-03
2344, 9.60000000E-01, 9.00000000E-01, 1.89898332E-04, 1.96208974E-03, 1.77219141E-03
2345, 9.80000000E-01, 9.00000000E-01, 9.56118620E-05, 9.82984567E-04, 8.87372705E-04
2346, 1.00000000E+00, 9.00000000E-01, 0.00000000E+00, 1.91718258E-18, 1.91718258E-18
2347, 0.00000000E+00, 9.20000000E-01, 0.00000000E+00, 0.00000000E+00, 0.00000000E+00
2348, 2.00000000E-02, 9.20000000E-01, 1.32399976E-04, 7.91083745E-04, 6.58683769E-04
2349, 4.00000000E-02, 9.20000000E-01, 2.28263277E-04, 1.57904544E-03, 1.35078217E-03
2350, 6.00000000E-02, 9.20000000E-01, 2.70652228E-04, 2.36077537E-03, 2.09012314E-03
2351, 8.00000000E-02, 9.20000000E-01, 3.09279291E-04, 3.13318840E-03, 2.82390911E-03
2352, 1.00000000E-01, 9.20000000E-01, 4.21747410E-04, 3.89323616E-03, 3.47148875E-03
2353, 1.20000000E-01, 9.20000000E-01, 4.76184724E-04, 4.63791910E-03, 4.16173437E-03
2354, 1.40000000E-01, 9.20000000E-01, 4.95658323E-04, 5.36429829E-03, 4.86863996E-03
2355, 1.60000000E-01, 9.20000000E-01, 5.44506052E-04, 6.06950704E-03, 5.52500099E-03
2356, 1.80000000E-01, 9.20000000E-01, 7.13895010E-04, 6.75076223E-03, 6.03686722E-03
2357, 2.00000000E-01, 9.20000000E-01, 8.09930801E-04, 7.40537524E-03, 6.59544444E-03
2358, 2.20000000E-01, 9.20000000E-01, 7.47434821E-04, 8.03076261E-03, 7.28332779E-03
2359, 2.40000000E-01, 9.20000000E-01, 7.47069408E-04, 8.62445624E-03, 7.87738683E-03
2360, 2.60000000E-01, 9.20000000E-01, 9.10752798E-04, 9.18411308E-03, 8.27336028E-03
2361, 2.80000000E-01, 9.20000000E-01, 9.99447719E-04, 9.70752442E-03, 8.70807670E-03
2362, 3.00000000E-01, 9.20000000E-01, 9.08411043E-04, 1.01926246E-02, 9.28421355E-03
2363, 3.20000000E-01, 9.20000000E-01, 8.95137232E-04, 1.06374991E-02, 9.74236190E-03
2364, 3.40000000E-01, 9.20000000E-01, 1.07007786E-03, 1.10403923E-02, 9.97031446E-03
2365, 3.60000000E-01, 9.20000000E-01, 1.15937537E-03, 1.13997141E-02, 1.02403388E-02
2366, 3.80000000E-01, 9.20000000E-01, 1.04828945E-03, 1.17140465E-02, 1.06657570E-02
2367, 4.00000000E-01, 9.20000000E-01, 1.01304720E-03, 1.19821488E-02, 1.09691016E-02
2368, 4.20000000E-01, 9.20000000E-01, 1.16496554E-03, 1.22029631E-02, 1.10379976E-02
2369, 4.40000000E-01, 9.20000000E-01, 1.21835112E-03, 1.23756179E-02, 1.11572668E-02
2370, 4.60000000E-01, 9.20000000E-01, 1.08488216E-03, 1.24994317E-02, 1.14145496E-02
2371, 4.80000000E-01, 9.20000000E-01, 1.03174294E-03, 1.25739161E-02, 1.15421731E-02
2372, 5.00000000E-01, 9.20000000E-01, 1.16576434E-03, 1.25987769E-02, 1.14330125E-02
2373, 5.20000000E-01, 9.20000000E-01, 1.20310755E-03, 1.25739161E-02, 1.13708085E-02
2374, 5.40000000E-01, 9.20000000E-01, 1.06140667E-03, 1.24994317E-02, 1.14380251E-02
2375, 5.60000000E-01, 9.20000000E-01, 9.95601099E-04, 1.23756179E-02, 1.13800168E-02
2376, 5.80000000E-01, 9.20000000E-01, 1.10869442E-03, 1.22029631E-02, 1.10942687E-02
2377, 6.00000000E-01, 9.20000000E-01, 1.13218134E-03, 1.19821488E-02, 1.08499675E-02
2378, 6.20000000E-01, 9.20000000E-01, 9.92015507E-04, 1.17140465E-02, 1.07220310E-02
2379, 6.40000000E-01, 9.20000000E-01, 9.14585860E-04, 1.13997141E-02, 1.04851283E-02
2380, 6.60000000E-01, 9.20000000E-01, 9.93898457E-04, 1.10403923E-02, 1.00464939E-02
2381, 6.80000000E-01, 9.20000000E-01, 9.96060442E-04, 1.06374991E-02, 9.64143869E-03
2382, 7.00000000E-01, 9.20000000E-01, 8.63094632E-04, 1.01926246E-02, 9.32952996E-03
2383, 7.20000000E-01, 9.20000000E-01, 7.80246350E-04, 9.70752442E-03, 8.92727807E-03
2384, 7.40000000E-01, 9.20000000E-01, 8.25276759E-04, 9.18411308E-03, 8.35883632E-03
2385, 7.60000000E-01, 9.20000000E-01, 8.07822044E-04, 8.62445624E-03, 7.81663420E-03
2386, 7.80000000E-01, 9.20000000E-01, 6.88661490E-04, 8.03076261E-03, 7.34210112E-03
2387, 8.00000000E-01, 9.20000000E-01, 6.02708311E-04, 7.40537524E-03, 6.80266693E-03
2388, 8.20000000E-01, 9.20000000E-01, 6.08719690E-04, 6.75076223E-03, 6.14204254E-03
2389, 8.40000000E-01, 9.20000000E-01, 5.71324409E-04, 6.06950704E-03, 5.49818263E-03
2390, 8.60000000E-01, 9.20000000E-01, 4.72180151E-04, 5.36429829E-03, 4.89211814E-03
2391, 8.80000000E-01, 9.20000000E-01, 3.86215446E-04, 4.63791910E-03, 4.25170365E-03
2392, 9.00000000E-01, 9.20000000E-01, 3.49244145E-04, 3.89323616E-03, 3.54399201E-03
2393, 9.20000000E-01, 9.20000000E-01, 2.94767629E-04, 3.13318840E-03, 2.83842077E-03
2394, 9.40000000E-01, 9.20000000E-01, 2.24039940E-04, 2.36077537E-03, 2.13673543E-03
2395, 9.60000000E-01, 9.20000000E-01, 1.48821932E-04, 1.57904544E-03, 1.43022351E-03
2396, 9.80000000E-01, 9.20000000E-01, 7.81444522E-05, 7.91083745E-04, 7.12939292E-04
2397, 1.00000000E+00, 9.20000000E-01, 0.00000000E+00, 1.54290518E-18, 1.54290518E-18
2398, 0.00000000E+00, 9.40000000E-01, 0.00000000E+00, 0.00000000E+00, 0.00000000E+00
2399, 2.00000000E-02, 9.40000000E-01, 7.77298733E-05, 5.96060876E-04, 5.18331003E-04
2400, 4.00000000E-02, 9.40000000E-01, 1.87943928E-04, 1.18976937E-03, 1.00182544E-03
2401, 6.00000000E-02, 9.40000000E-01, 2.64238300E-04, 1.77878239E-03, 1.51454409E-03
2402, 8.00000000E-02, 9.40000000E-01, 2.51459395E-04, 2.36077537E-03, 2.10931598E-03
2403, 1.00000000E-01, 9.40000000E-01, 2.76613048E-04, 2.93345145E-03, 2.65683840E-03
2404, 1.20000000E-01, 9.40000000E-01, 3.62480993E-04, 3.49455053E-03, 3.13206954E-03
2405, 1.40000000E-01, 9.40000000E-01, 4.14660379E-04, 4.04185822E-03, 3.62719784E-03
2406, 1.60000000E-01, 9.40000000E-01, 4.72805374E-04, 4.57321454E-03, 4.10040917E-03
2407, 1.80000000E-01, 9.40000000E-01, 5.57291735E-04, 5.08652248E-03, 4.52923074E-03
2408, 2.00000000E-01, 9.40000000E-01, 6.16047069E-04, 5.57975623E-03, 4.96370916E-03
2409, 2.20000000E-01, 9.40000000E-01, 6.28812790E-04, 6.05096923E-03, 5.42215644E-03
2410, 2.40000000E-01, 9.40000000E-01, 6.56543822E-04, 6.49830183E-03, 5.84175800E-03
2411, 2.60000000E-01, 9.40000000E-01, 7.25734733E-04, 6.91998859E-03, 6.19425386E-03
2412, 2.80000000E-01, 9.40000000E-01, 7.72411048E-04, 7.31436532E-03, 6.54195427E-03
2413, 3.00000000E-01, 9.40000000E-01, 7.70123035E-04, 7.67987559E-03, 6.90975256E-03
2414, 3.20000000E-01, 9.40000000E-01, 7.88344610E-04, 8.01507691E-03, 7.22673230E-03
2415, 3.40000000E-01, 9.40000000E-01, 8.55264541E-04, 8.31864637E-03, 7.46338183E-03
2416, 3.60000000E-01, 9.40000000E-01, 8.96655633E-04, 8.58938594E-03, 7.69273031E-03
2417, 3.80000000E-01, 9.40000000E-01, 8.81513398E-04, 8.82622713E-03, 7.94471373E-03
2418, 4.00000000E-01, 9.40000000E-01, 8.83324968E-04, 9.02823523E-03, 8.14491026E-03
2419, 4.20000000E-01, 9.40000000E-01, 9.31458585E-04, 9.19461301E-03, 8.26315442E-03
2420, 4.40000000E-01, 9.40000000E-01, 9.50841466E-04, 9.32470385E-03, 8.37386239E-03
2421, 4.60000000E-01, 9.40000000E-01, 9.17168947E-04, 9.41799435E-03, 8.50082540E-03
2422, 4.80000000E-01, 9.40000000E-01, 9.03089125E-04, 9.47411633E-03, 8.57102720E-03
2423, 5.00000000E-01, 9.40000000E-01, 9.36651874E-04, 9.49284829E-03, 8.55619642E-03
2424, 5.20000000E-01, 9.40000000E-01, 9.43093256E-04, 9.47411633E-03, 8.53102307E-03
2425, 5.40000000E-01, 9.40000000E-01, 8.98822450E-04, 9.41799435E-03, 8.51917190E-03
2426, 5.60000000E-01, 9.40000000E-01, 8.73167304E-04, 9.32470385E-03, 8.45153655E-03
2427, 5.80000000E-01, 9.40000000E-01, 8.93393644E-04, 9.19461301E-03, 8.30121936E-03
2428, 6.00000000E-01, 9.40000000E-01, 8.88932776E-04, 9.02823523E-03, 8.13930245E-03
2429, 6.20000000E-01, 9.40000000E-01, 8.37362990E-04, 8.82622713E-03, 7.98886414E-03
2430, 6.40000000E-01, 9.40000000E-01, 8.00176059E-04, 8.58938594E-03, 7.78920988E-03
2431, 6.60000000E-01, 9.40000000E-01, 8.02841608E-04, 8.31864637E-03, 7.51580476E-03
2432, 6.80000000E-01, 9.40000000E-01, 7.84712674E-04, 8.01507691E-03, 7.23036423E-03
2433, 7.00000000E-01, 9.40000000E-01, 7.27363865E-04, 7.67987559E-03, 6.95251173E-03
2434, 7.20000000E-01, 9.40000000E-01, 6.81227447E-04, 7.31436532E-03, 6.63313787E-03
2435, 7.40000000E-01, 9.40000000E-01, 6.67625040E-04, 6.91998859E-03, 6.25236355E-03
2436, 7.60000000E-01, 9.40000000E-01, 6.37668696E-04, 6.49830183E-03, 5.86063313E-03
2437, 7.80000000E-01, 9.40000000E-01, 5.77445094E-04, 6.05096923E-03, 5.47352414E-03
2438, 8.00000000E-01, 9.40000000E-01, 5.23851245E-04, 5.57975623E-03, 5.05590498E-03
2439, 8.20000000E-01, 9.40000000E-01, 4.93513970E-04, 5.08652248E-03, 4.59300851E-03
2440, 8.40000000E-01, 9.40000000E-01, 4.52439411E-04, 4.57321454E-03, 4.12077513E-03
2441, 8.60000000E-01, 9.40000000E-01, 3.91960849E-04, 4.04185822E-03, 3.64989737E-03
2442, 8.80000000E-01, 9.40000000E-01, 3.32854618E-04, 3.49455053E-03, 3.16169591E-03
2443, 9.00000000E-01, 9.40000000E-01, 2.86276598E-04, 2.93345145E-03, 2.64717485E-03
2444, 9.20000000E-01, 9.40000000E-01, 2.36674852E-04, 2.36077537E-03, 2.12410052E-03
2445, 9.40000000E-01, 9.40000000E-01, 1.80790555E-04, 1.77878239E-03, 1.59799184E-03
2446, 9.60000000E-01, 9.40000000E-01, 1.21597928E-04, 1.18976937E-03, 1.06817144E-03
2447, 9.80000000E-01, 9.40000000E-01, 6.19079853E-05, 5.96060876E-04, 5.34152891E-04
2448, 1.00000000E+00, 9.40000000E-01, 0.00000000E+00, 1.16253863E-18, 1.16253863E-18
2449, 0.00000000E+00, 9.60000000E-01, 0.00000000E+00, 0.00000000E+00, 0.00000000E+00
2450, 2.00000000E-02, 9.60000000E-01, 5.70507683E-05, 3.98685628E-04, 3.41634859E-04
2451, 4.00000000E-02, 9.60000000E-01, 1.18236039E-04, 7.95797825E-04, 6.77561786E-04
2452, 6.00000000E-02, 9.60000000E-01, 1.63936858E-04, 1.18976937E-03, 1.02583251E-03
2453, 8.00000000E-02, 9.60000000E-01, 1.83435315E-04, 1.57904544E-03, 1.39561013E-03
2454, 1.00000000E-01, 9.60000000E-01, 2.10474828E-04, 1.96208974E-03, 1.75161492E-03
2455, 1.20000000E-01, 9.60000000E-01, 2.54873956E-04, 2.33739057E-03, 2.08251662E-03
2456, 1.40000000E-01, 9.60000000E-01, 2.95783593E-04, 2.70346679E-03, 2.40768319E-03
2457, 1.60000000E-01, 9.60000000E-01, 3.38654674E-04, 3.05887365E-03, 2.72021898E-03
2458, 1.80000000E-01, 9.60000000E-01, 3.86257914E-04, 3.40220854E-03, 3.01595063E-03
2459, 2.00000000E-01, 9.60000000E-01, 4.24096960E-04, 3.73211647E-03, 3.30801951E-03
2460, 2.20000000E-01, 9.60000000E-01, 4.47448912E-04, 4.04729544E-03, 3.59984653E-03
2461, 2.40000000E-01, 9.60000000E-01, 4.73249822E-04, 4.34650158E-03, 3.87325176E-03
2462, 2.60000000E-01, 9.60000000E-01, 5.08593225E-04, 4.62855407E-03, 4.11996085E-03
2463, 2.80000000E-01, 9.60000000E-01, 5.36586789E-04, 4.89233977E-03, 4.35575298E-03
2464, 3.00000000E-01, 9.60000000E-01, 5.50687573E-04, 5.13681764E-03, 4.58613006E-03
2465, 3.20000000E-01, 9.60000000E-01, 5.69569119E-04, 5.36102283E-03, 4.79145371E-03
2466, 3.40000000E-01, 9.60000000E-01, 6.00298658E-04, 5.56407052E-03, 4.96377186E-03
2467, 3.60000000E-01, 9.60000000E-01, 6.22650147E-04, 5.74515936E-03, 5.12250922E-03
2468, 3.80000000E-01, 9.60000000E-01, 6.28094450E-04, 5.90357469E-03, 5.27548024E-03
2469, 4.00000000E-01, 9.60000000E-01, 6.35996602E-04, 6.03869130E-03, 5.40269470E-03
2470, 4.20000000E-01, 9.60000000E-01, 6.54104613E-04, 6.14997596E-03, 5.49587135E-03
2471, 4.40000000E-01, 9.60000000E-01, 6.62762296E-04, 6.23698947E-03, 5.57422717E-03
2472, 4.60000000E-01, 9.60000000E-01, 6.55501531E-04, 6.29938843E-03, 5.64388690E-03
2473, 4.80000000E-01, 9.60000000E-01, 6.51988115E-04, 6.33692659E-03, 5.68493847E-03
2474, 5.00000000E-01, 9.60000000E-01, 6.59708250E-04, 6.34945579E-03, 5.68974754E-03
2475, 5.20000000E-01, 9.60000000E-01, 6.58986521E-04, 6.33692659E-03, 5.67794007E-03
2476, 5.40000000E-01, 9.60000000E-01, 6.43261068E-04, 6.29938843E-03, 5.65612736E-03
2477, 5.60000000E-01, 9.60000000E-01, 6.31227114E-04, 6.23698947E-03, 5.60576236E-03
2478, 5.80000000E-01, 9.60000000E-01, 6.30182319E-04, 6.14997596E-03, 5.51979364E-03
2479, 6.00000000E-01, 9.60000000E-01, 6.21509039E-04, 6.03869130E-03, 5.41718226E-03
2480, 6.20000000E-01, 9.60000000E-01, 5.98638521E-04, 5.90357469E-03, 5.30493617E-03
2481, 6.40000000E-01, 9.60000000E-01, 5.78094706E-04, 5.74515936E-03, 5.16706466E-03
2482, 6.60000000E-01, 9.60000000E-01, 5.66897842E-04, 5.56407052E-03, 4.99717268E-03
2483, 6.80000000E-01, 9.60000000E-01, 5.49300271E-04, 5.36102283E-03, 4.81172256E-03
2484, 7.00000000E-01, 9.60000000E-01, 5.19782841E-04, 5.13681764E-03, 4.61703480E-03
2485, 7.20000000E-01, 9.60000000E-01, 4.91922620E-04, 4.89233977E-03, 4.40041715E-03
2486, 7.40000000E-01, 9.60000000E-01, 4.71689216E-04, 4.62855407E-03, 4.15686485E-03
2487, 7.60000000E-01, 9.60000000E-01, 4.46474074E-04, 4.34650158E-03, 3.90002751E-03
2488, 7.80000000E-01, 9.60000000E-01, 4.11822405E-04, 4.04729544E-03, 3.63547304E-03
2489, 8.00000000E-01, 9.60000000E-01, 3.77681616E-04, 3.73211647E-03, 3.35443486E-03
2490, 8.20000000E-01, 9.60000000E-01, 3.48883961E-04, 3.40220854E-03, 3.05332458E-03
2491, 8.40000000E-01, 9.60000000E-01, 3.16849763E-04, 3.05887365E-03, 2.74202389E-03
2492, 8.60000000E-01, 9.60000000E-01, 2.78455981E-04, 2.70346679E-03, 2.42501081E-03
2493, 8.80000000E-01, 9.60000000E-01, 2.39373713E-04, 2.33739057E-03, 2.09801686E-03
2494, 9.00000000E-01, 9.60000000E-01, 2.03171172E-04, 1.96208974E-03, 1.75891857E-03
2495, 9.20000000E-01, 9.60000000E-01, 1.66224691E-04, 1.57904544E-03, 1.41282075E-03
2496, 9.40000000E-01, 9.60000000E-01, 1.26804799E-04, 1.18976937E-03, 1.06296457E-03
2497, 9.60000000E-01, 9.60000000E-01, 8.54771954E-05, 7.95797825E-04, 7.10320630E-04
2498, 9.80000000E-01, 9.60000000E-01, 4.31832533E-05, 3.98685628E-04, 3.55502374E-04
2499, 1.00000000E+00, 9.60000000E-01, 0.00000000E+00, 7.77584071E-19, 7.77584071E-19
2500, 0.00000000E+00, 9.80000000E-01, 0.00000000E+00, 0.00000000E+00, 0.00000000E+00
2501, 2.00000000E-02, 9.80000000E-01, 2.90892654E-05, 1.99736949E-04, 1.70647684E-04
2502, 4.00000000E-02, 9.80000000E-01, 5.77292335E-05, 3.98685628E-04, 3.40956394E-04
2503, 6.00000000E-02, 9.80000000E-01, 8.04437341E-05, 5.96060876E-04, 5.15617142E-04
2504, 8.00000000E-02, 9.80000000E-01, 9.54025373E-05, 7.91083745E-04, 6.95681207E-04
2505, 1.00000000E-01, 9.80000000E-01, 1.11484953E-04, 9.82984567E-04, 8.71499614E-04
2506, 1.20000000E-01, 9.80000000E-01, 1.32301112E-04, 1.17100600E-03, 1.03870489E-03
2507, 1.40000000E-01, 9.80000000E-01, 1.53599646E-04, 1.35440600E-03, 1.20080636E-03
2508, 1.60000000E-01, 9.80000000E-01, 1.75619918E-04, 1.53246079E-03, 1.35684087E-03
2509, 1.80000000E-01, 9.80000000E-01, 1.98125526E-04, 1.70446765E-03, 1.50634212E-03
2510, 2.00000000E-01, 9.80000000E-01, 2.17166334E-04, 1.86974776E-03, 1.65258142E-03
2511, 2.20000000E-01, 9.80000000E-01, 2.31679912E-04, 2.02764882E-03, 1.79596891E-03
2512, 2.40000000E-01, 9.80000000E-01, 2.46094730E-04, 2.17754768E-03, 1.93145295E-03
2513, 2.60000000E-01, 9.80000000E-01, 2.62255957E-04, 2.31885276E-03, 2.05659680E-03
2514, 2.80000000E-01, 9.80000000E-01, 2.76026945E-04, 2.45100639E-03, 2.17497944E-03
2515, 3.00000000E-01, 9.80000000E-01, 2.85912663E-04, 2.57348701E-03, 2.28757434E-03
2516, 3.20000000E-01, 9.80000000E-01, 2.96616696E-04, 2.68581125E-03, 2.38919456E-03
2517, 3.40000000E-01, 9.80000000E-01, 3.09778686E-04, 2.78753583E-03, 2.47775714E-03
2518, 3.60000000E-01, 9.80000000E-01, 3.20189888E-04, 2.87825927E-03, 2.55806938E-03
2519, 3.80000000E-01, 9.80000000E-01, 3.25604895E-04, 2.95762354E-03, 2.63201864E-03
2520, 4.00000000E-01, 9.80000000E-01, 3.30782783E-04, 3.02531542E-03, 2.69453264E-03
2521, 4.20000000E-01, 9.80000000E-01, 3.37642703E-04, 3.08106776E-03, 2.74342506E-03
2522, 4.40000000E-01, 9.80000000E-01, 3.41356280E-04, 3.12466054E-03, 2.78330426E-03
2523, 4.60000000E-01, 9.80000000E-01, 3.40348789E-04, 3.15592171E-03, 2.81557292E-03
2524, 4.80000000E-01, 9.80000000E-01, 3.39619187E-04, 3.17472789E-03, 2.83510871E-03
2525, 5.00000000E-01, 9.80000000E-01, 3.41073197E-04, 3.18100488E-03, 2.83993168E-03
2526, 5.20000000E-01, 9.80000000E-01, 3.39849144E-04, 3.17472789E-03, 2.83487875E-03
2527, 5.40000000E-01, 9.80000000E-01, 3.34270210E-04, 3.15592171E-03, 2.82165150E-03
2528, 5.60000000E-01, 9.80000000E-01, 3.29052468E-04, 3.12466054E-03, 2.79560807E-03
2529, 5.80000000E-01, 9.80000000E-01, 3.26041217E-04, 3.08106776E-03, 2.75502655E-03
2530, 6.00000000E-01, 9.80000000E-01, 3.20602945E-04, 3.02531542E-03, 2.70471247E-03
2531, 6.20000000E-01, 9.80000000E-01, 3.10974592E-04, 2.95762354E-03, 2.64664895E-03
2532, 6.40000000E-01, 9.80000000E-01, 3.01304441E-04, 2.87825927E-03, 2.57695483E-03
2533, 6.60000000E-01, 9.80000000E-01, 2.93422643E-04, 2.78753583E-03, 2.49411318E-03
2534, 6.80000000E-01, 9.80000000E-01, 2.83478787E-04, 2.68581125E-03, 2.40233246E-03
2535, 7.00000000E-01, 9.80000000E-01, 2.69985919E-04, 2.57348701E-03, 2.30350109E-03
2536, 7.20000000E-01, 9.80000000E-01, 2.56362611E-04, 2.45100639E-03, 2.19464377E-03
2537, 7.40000000E-01, 9.80000000E-01, 2.44189533E-04, 2.31885276E-03, 2.07466323E-03
2538, 7.60000000E-01, 9.80000000E-01, 2.30397377E-04, 2.17754768E-03, 1.94715031E-03
2539, 7.80000000E-01, 9.80000000E-01, 2.13732674E-04, 2.02764882E-03, 1.81391615E-03
2540, 8.00000000E-01, 9.80000000E-01, 1.96701240E-04, 1.86974776E-03, 1.67304652E-03
2541, 8.20000000E-01, 9.80000000E-01, 1.80627735E-04, 1.70446765E-03, 1.52383991E-03
2542, 8.40000000E-01, 9.80000000E-01, 1.63467801E-04, 1.53246079E-03, 1.36899299E-03
2543, 8.60000000E-01, 9.80000000E-01, 1.44293882E-04, 1.35440600E-03, 1.21011212E-03
2544, 8.80000000E-01, 9.80000000E-01, 1.24557784E-04, 1.17100600E-03, 1.04644821E-03
2545, 9.00000000E-01, 9.80000000E-01, 1.05317648E-04, 9.82984567E-04, 8.77666920E-04
2546, 9.20000000E-01, 9.80000000E-01, 8.57802989E-05, 7.91083745E-04, 7.05303446E-04
2547, 9.40000000E-01, 9.80000000E-01, 6.53327100E-05, 5.96060876E-04, 5.30728166E-04
2548, 9.60000000E-01, 9.80000000E-01, 4.40394345E-05, 3.98685628E-04, 3.54646193E-04
2549, 9.80000000E-01, 9.80000000E-01, 2.21999369E-05, 1.99736949E-04, 1.77537012E-04
2550, 1.00000000E+00, 9.80000000E-01, 0.00000000E+00, 3.89560744E-19, 3.89560744E-19
2551, 0.00000000E+00, 1.00000000E+00, 0.00000000E+00, 0.00000000E+00, 0.00000000E+00
2552, 2.00000000E-02, 1.00000000E+00, 0.00000000E+00, 3.89560744E-19, 3.89560744E-19
2553, 4.00000000E-02, 1.00000000E+00, 0.00000000E+00, 7.77584071E-19, 7.77584071E-19
2554, 6.00000000E-02, 1.00000000E+00, 0.00000000E+00, 1.16253863E-18, 1.16253863E-18
2555, 8.00000000E-02, 1.00000000E+00, 0.00000000E+00, 1.54290518E-18, 1.54290518E-18
2556, 1.00000000E-01, 1.00000000E+00, 0.00000000E+00, 1.91718258E-18, 1.91718258E-18
2557, 1.20000000E-01, 1.00000000E+00, 0.00000000E+00, 2.28389374E-18, 2.28389374E-18
2558, 1.40000000E-01, 1.00000000E+00, 0.00000000E+00, 2.64159142E-18, 2.64159142E-18
2559, 1.60000000E-01, 1.00000000E+00, 0.00000000E+00, 2.98886395E-18, 2.98886395E-18
2560, 1.80000000E-01, 1.00000000E+00, 0.00000000E+00, 3.32434079E-18, 3.32434079E-18
2561, 2.00000000E-01, 1.00000000E+00, 0.00000000E+00, 3.64669798E-18, 3.64669798E-18
2562, 2.20000000E-01, 1.00000000E+00, 0.00000000E+00, 3.95466331E-18, 3.95466331E-18
2563, 2.40000000E-01, 1.00000000E+00, 0.00000000E+00, 4.24702140E-18, 4.24702140E-18
2564, 2.60000000E-01, 1.00000000E+00, 0.00000000E+00, 4.52261844E-18, 4.52261844E-18
2565, 2.80000000E-01, 1.00000000E+00, 0.00000000E+00, 4.78036676E-18, 4.78036676E-18
2566, 3.00000000E-01, 1.00000000E+00, 0.00000000E+00, 5.01924916E-18, 5.01924916E-18
2567, 3.20000000E-01, 1.00000000E+00, 0.00000000E+00, 5.23832288E-18, 5.23832288E-18
2568, 3.40000000E-01, 1.00000000E+00, 0.00000000E+00, 5.43672333E-18, 5.43672333E-18
2569, 3.60000000E-01, 1.00000000E+00, 0.00000000E+00, 5.61366752E-18, 5.61366752E-18
2570, 3.80000000E-01, 1.00000000E+00, 0.00000000E+00, 5.76845713E-18, 5.76845713E-18
2571, 4.00000000E-01, 1.00000000E+00, 0.00000000E+00, 5.90048127E-18, 5.90048127E-18
2572, 4.20000000E-01, 1.00000000E+00, 0.00000000E+00, 6.00921891E-18, 6.00921891E-18
2573, 4.40000000E-01, 1.00000000E+00, 0.00000000E+00, 6.09424091E-18, 6.09424091E-18
2574, 4.60000000E-01, 1.00000000E+00, 0.00000000E+00, 6.15521172E-18, 6.15521172E-18
2575, 4.80000000E-01, 1.00000000E+00, 0.00000000E+00, 6.19189072E-18, 6.19189072E-18
2576, 5.00000000E-01, 1.00000000E+00, 0.00000000E+00, 6.20413316E-18, 6.20413316E-18
2577, 5.20000000E-01, 1.00000000E+00, 0.00000000E+00, 6.19189072E-18, 6.19189072E-18
2578, 5.40000000E-01, 1.00000000E+00, 0.00000000E+00, 6.15521172E-18, 6.15521172E-18
2579, 5.60000000E-01, 1.00000000E+00, 0.00000000E+00, 6.09424091E-18, 6.09424091E-18
2580, 5.80000000E-01, 1.00000000E+00, 0.00000000E+00, 6.00921891E-18, 6.00921891E-18
2581, 6.00000000E-01, 1.00000000E+00, 0.00000000E+00, 5.90048127E-18, 5.90048127E-18
2582, 6.20000000E-01, 1.00000000E+00, 0.00000000E+00, 5.76845713E-18, 5.76845713E-18
2583, 6.40000000E-01, 1.00000000E+00, 0.00000000E+00, 5.61366752E-18, 5.61366752E-18
2584, 6.60000000E-01, 1.00000000E+00, 0.00000000E+00, 5.43672333E-18, 5.43672333E-18
2585, 6.80000000E-01, 1.00000000E+00, 0.00000000E+00, 5.23832288E-18, 5.23832288E-18
2586, 7.00000000E-01, 1.00000000E+00, 0.00000000E+00, 5.01924916E-18, 5.01924916E-18
2587, 7.20000000E-01, 1.00000000E+00, 0.00000000E+00, 4.78036676E-18, 4.78036676E-18
2588, 7.40000000E-01, 1.00000000E+00, 0.00000000E+00, 4.52261844E-18, 4.52261844E-18
2589, 7.60000000E-01, 1.00000000E+00, 0.00000000E+00, 4.24702140E-18, 4.24702140E-18
2590, 7.80000000E-01, 1.00000000E+00, 0.00000000E+00, 3.95466331E-18, 3.95466331E-18
2591, 8.00000000E-01, 1.00000000E+00, 0.00000000E+00, 3.64669798E-18, 3.64669798E-18
2592, 8.20000000E-01, 1.00000000E+00, 0.00000000E+00, 3.32434079E-18, 3.32434079E-18
2593, 8.40000000E-01, 1.00000000E+00, 0.00000000E+00, 2.98886395E-18, 2.98886395E-18
2594, 8.60000000E-01, 1.00000000E+00, 0.00000000E+00, 2.64159142E-18, 2.64159142E-18
2595, 8.80000000E-01, 1.00000000E+00, 0.00000000E+00, 2.28389374E-18, 2.28389374E-18
2596, 9.00000000E-01, 1.00000000E+00, 0.00000000E+00, 1.91718258E-18, 1.91718258E-18
2597, 9.20000000E-01, 1.00000000E+00, 0.00000000E+00, 1.54290518E-18, 1.54290518E-18
2598, 9.40000000E-01, 1.00000000E+00, 0.00000000E+00, 1.16253863E-18, 1.16253863E-18
2599, 9.60000000E-01, 1.00000000E+00, 0.00000000E+00, 7.77584071E-19, 7.77584071E-19
2600, 9.80000000E-01, 1.00000000E+00, 0.00000000E+00, 3.89560744E-19, 3.89560744E-19
2601, 1.00000000E+00, 1.00000000E+00, 0.00000000E+00, 7.59787182E-34, 7.59787182E-34
